Transaction_ID,Date,Time,Sender_ID,Receiver_ID,Sender_Country,Receiver_Country,Payment_Method,Transaction_Amount,Transaction_Currency,Transaction_Velocity,Unusual_Time,Multiple_Currency_Conversions,Repeated_Failed_Attempts,Is_Fraudulent,Is_Known_Fraudster,Is_Sanctioned_Entity,Suspicion_Score,Is_Suspicious,Suspicion_Reasons,Comparison
05884115-2501-4bf3-aadc-9801f0c03357,2023-10-22,06:05:54,d89b4a15-1524-4925-8314-52439f6c6e31,2e007b80-a7d8-472b-b555-1e72fbb0f129,Australia,Netherlands,UPI,160718.94,AUD,8,False,False,3,True,False,False,0.731416318951846,True,"High Transaction Amount ($160718.94, 3.0x average), High Transaction Velocity (8.00, 2.7x average), Cross-border Transaction (Australia to Netherlands)","{'current_amount': 160718.94, 'avg_amount': 54349.425513, 'amount_diff_percent': 195.71414689849325, 'current_velocity': 8, 'avg_velocity': 2.9513, 'velocity_diff_percent': 171.06698742926847}"
b2b540e4-8d37-43eb-91dc-60a149f4ae35,2023-12-12,13:47:49,6a450e58-3b8a-4075-be1d-944c36188427,8ee581e3-0b09-4d58-a7ae-a86883d97086,Brazil,Brazil,UPI,131076.8,BRL,2,True,False,3,True,False,False,0.5980863114622972,True,"High Transaction Amount ($131076.80, 2.4x average), Unusual Transaction Time","{'current_amount': 131076.8, 'avg_amount': 54349.425513, 'amount_diff_percent': 141.17421437812135, 'current_velocity': 2, 'avg_velocity': 2.9513, 'velocity_diff_percent': -32.233253142682884}"
2c5cfc40-9684-4a80-8786-71f6168fe3e7,2024-08-06,00:12:39,66ff9272-a119-47f7-8bca-08c665f4555f,51f7f646-b418-44b1-97b0-577f3ebef1cd,Australia,India,Skrill,53844.07,AUD,9,True,False,0,True,False,False,0.6689415403571136,True,"High Transaction Velocity (9.00, 3.0x average), Unusual Transaction Time, Cross-border Transaction (Australia to India)","{'current_amount': 53844.07, 'avg_amount': 54349.425513, 'amount_diff_percent': -0.9298267796393261, 'current_velocity': 9, 'avg_velocity': 2.9513, 'velocity_diff_percent': 204.95036085792702}"
1b581d70-3afc-483e-a869-2d5f74ad6831,2024-04-29,13:03:17,65ba61a4-2f73-4454-86a9-6e9614bba378,15657439-78cb-4cc1-a9d2-5ab8cdde0b3d,India,UK,PayPal,126666.01,INR,9,True,True,3,True,False,False,0.7670338824429547,True,"High Transaction Amount ($126666.01, 2.3x average), High Transaction Velocity (9.00, 3.0x average), Unusual Transaction Time, Multiple Currency Conversions, Cross-border Transaction (India to UK)","{'current_amount': 126666.01, 'avg_amount': 54349.425513, 'amount_diff_percent': 133.05859961611253, 'current_velocity': 9, 'avg_velocity': 2.9513, 'velocity_diff_percent': 204.95036085792702}"
0866c887-a53c-4ee7-9f04-97b2cbf2fc57,2023-12-06,01:03:01,2bfab8eb-5f5a-4500-ada9-0edc64891721,bbb90603-6749-45ae-8b1f-cdb2b10cfa15,Netherlands,UK,bank transfer,180619.36,EUR,9,True,False,0,True,False,False,0.7102293135934516,True,"High Transaction Amount ($180619.36, 3.3x average), High Transaction Velocity (9.00, 3.0x average), Unusual Transaction Time, Cross-border Transaction (Netherlands to UK)","{'current_amount': 180619.36, 'avg_amount': 54349.425513, 'amount_diff_percent': 232.329842119117, 'current_velocity': 9, 'avg_velocity': 2.9513, 'velocity_diff_percent': 204.95036085792702}"
e969ea5e-9365-4ecb-884b-75cfa272b9e6,2023-12-28,14:37:53,cc1e7668-a705-4b61-86db-a71b8a6bc6c4,2dad4913-dc45-4c50-a3f8-54968da0620b,Canada,Netherlands,Skrill,914.6,CAD,10,True,False,6,True,False,False,0.7419542766838163,True,"High Transaction Velocity (10.00, 3.4x average), Unusual Transaction Time, Cross-border Transaction (Canada to Netherlands)","{'current_amount': 914.6, 'avg_amount': 54349.425513, 'amount_diff_percent': -98.3171855242863, 'current_velocity': 10, 'avg_velocity': 2.9513, 'velocity_diff_percent': 238.8337342865856}"
798f0bff-0907-4212-bfbc-66d212355c6b,2024-07-30,16:08:08,64057508-b429-4552-a6a8-922e7c13575c,7478cb67-60e2-4eaa-8ab1-5bb37acbe038,Germany,Germany,UPI,115781.62,EUR,12,False,False,0,True,False,False,0.671282225929927,True,"High Transaction Amount ($115781.62, 2.1x average), High Transaction Velocity (12.00, 4.1x average)","{'current_amount': 115781.62, 'avg_amount': 54349.425513, 'amount_diff_percent': 113.03191139031605, 'current_velocity': 12, 'avg_velocity': 2.9513, 'velocity_diff_percent': 306.6004811439027}"
f6576495-9de6-4ac0-998e-a709aa5cee1d,2024-04-17,16:16:21,24bc792f-09f4-402c-8944-78d8aa4990a6,b470d048-e264-409b-998f-48c1060ad9d5,Brazil,Netherlands,bank transfer,58151.77,BRL,8,True,False,2,True,False,False,0.6265152955774416,True,"High Transaction Velocity (8.00, 2.7x average), Unusual Transaction Time, Cross-border Transaction (Brazil to Netherlands)","{'current_amount': 58151.77, 'avg_amount': 54349.425513, 'amount_diff_percent': 6.996107964546011, 'current_velocity': 8, 'avg_velocity': 2.9513, 'velocity_diff_percent': 171.06698742926847}"
e672cb0f-ee51-4041-89b2-605f8dee2ed6,2024-08-11,01:21:31,ce863a06-2d8f-44ab-bc24-6018bbb6f3fb,417f470c-d12e-497b-9ea1-347ad8e8127a,Australia,France,bank transfer,191053.46,AUD,8,False,False,0,True,False,False,0.7663886301461447,True,"High Transaction Amount ($191053.46, 3.5x average), High Transaction Velocity (8.00, 2.7x average), Cross-border Transaction (Australia to France)","{'current_amount': 191053.46, 'avg_amount': 54349.425513, 'amount_diff_percent': 251.5280211274751, 'current_velocity': 8, 'avg_velocity': 2.9513, 'velocity_diff_percent': 171.06698742926847}"
c25249b9-632a-469a-b30b-d31892879934,2024-02-25,07:44:18,8ff684f8-cf85-4c32-ac1e-b46b24816fbc,9953b501-5805-4ccd-a140-6ea3f21cc246,Australia,USA,Skrill,197082.38,AUD,7,True,False,2,True,False,False,0.7364939951960331,True,"High Transaction Amount ($197082.38, 3.6x average), High Transaction Velocity (7.00, 2.4x average), Unusual Transaction Time, Cross-border Transaction (Australia to USA)","{'current_amount': 197082.38, 'avg_amount': 54349.425513, 'amount_diff_percent': 262.62090747005095, 'current_velocity': 7, 'avg_velocity': 2.9513, 'velocity_diff_percent': 137.1836140006099}"
b5948a0e-42de-4a2d-a98d-d924c7044768,2024-05-27,15:03:04,15990eaf-6bdd-4d75-9bd4-ab553e36bc4d,19cecc1b-a273-4f94-b4a4-7f547f083c9c,Netherlands,Germany,bank transfer,46283.35,EUR,9,True,False,1,True,False,False,0.571371604253627,True,"High Transaction Velocity (9.00, 3.0x average), Unusual Transaction Time, Cross-border Transaction (Netherlands to Germany)","{'current_amount': 46283.35, 'avg_amount': 54349.425513, 'amount_diff_percent': -14.841142177428637, 'current_velocity': 9, 'avg_velocity': 2.9513, 'velocity_diff_percent': 204.95036085792702}"
0632b6e7-830b-40de-89ac-637452071647,2024-09-14,18:47:05,fbc87638-c906-4251-9677-3d4051e6c613,ee9aaa76-1fb0-4bd2-8bc5-29be846771dc,Netherlands,Japan,UPI,114600.11,EUR,3,True,False,4,True,False,False,0.6379909685545303,True,"High Transaction Amount ($114600.11, 2.1x average), Unusual Transaction Time, Cross-border Transaction (Netherlands to Japan)","{'current_amount': 114600.11, 'avg_amount': 54349.425513, 'amount_diff_percent': 110.85799696739839, 'current_velocity': 3, 'avg_velocity': 2.9513, 'velocity_diff_percent': 1.6501202859756783}"
75918d8a-cd67-41c1-bcbe-d1e2db59efa2,2023-12-07,05:29:29,86ee2a1b-3133-4762-a14d-91737513633e,a7b30eb9-8102-4e52-a77a-643a0d3c2b66,India,USA,PayPal,6072.71,INR,14,False,False,4,True,False,False,0.6011311857355492,True,"High Transaction Velocity (14.00, 4.7x average), Cross-border Transaction (India to USA)","{'current_amount': 6072.71, 'avg_amount': 54349.425513, 'amount_diff_percent': -88.82654242859024, 'current_velocity': 14, 'avg_velocity': 2.9513, 'velocity_diff_percent': 374.3672280012198}"
0bbf0a1c-1278-4095-b81c-5d86de71f323,2024-03-03,03:38:02,b49dee8a-e755-4605-b1f9-72dc14555872,58d6109f-d2dd-4267-804d-f780ec8daae1,Brazil,Canada,bank transfer,89761.15,BRL,8,True,False,7,True,False,False,0.7541862717534349,True,"High Transaction Amount ($89761.15, 1.7x average), High Transaction Velocity (8.00, 2.7x average), Unusual Transaction Time, Cross-border Transaction (Brazil to Canada)","{'current_amount': 89761.15, 'avg_amount': 54349.425513, 'amount_diff_percent': 65.1556555616761, 'current_velocity': 8, 'avg_velocity': 2.9513, 'velocity_diff_percent': 171.06698742926847}"
cb44931c-9463-4e10-b05d-eb6293af3c0a,2024-09-19,10:36:20,23eb3deb-ddbe-4d6b-9382-ed9d2b7358bd,03359637-e6cd-4d6a-85f7-6db94f502afb,France,India,Skrill,27685.35,EUR,11,True,False,4,True,False,False,0.6721931927950986,True,"High Transaction Velocity (11.00, 3.7x average), Unusual Transaction Time, Cross-border Transaction (France to India)","{'current_amount': 27685.35, 'avg_amount': 54349.425513, 'amount_diff_percent': -49.060455122238864, 'current_velocity': 11, 'avg_velocity': 2.9513, 'velocity_diff_percent': 272.71710771524414}"
388cbcb7-d0a2-4918-902b-a76956914a07,2023-11-10,03:53:05,31097706-cfc6-4ec5-b1ba-d5a480bcff60,0f94249a-2bcf-4859-91d8-a9dfa7fb9beb,France,Netherlands,UPI,57263.39,EUR,8,False,False,4,True,False,False,0.7155574302277649,True,"High Transaction Velocity (8.00, 2.7x average), Cross-border Transaction (France to Netherlands)","{'current_amount': 57263.39, 'avg_amount': 54349.425513, 'amount_diff_percent': 5.361536869056689, 'current_velocity': 8, 'avg_velocity': 2.9513, 'velocity_diff_percent': 171.06698742926847}"
38c52c9f-5dda-44d3-93fb-768af6a9463a,2024-08-02,08:44:41,eab448f1-a64a-4636-8619-81cbce116a1a,f68e86e9-89aa-4c02-a144-8a09196b08b8,India,France,bank transfer,3852.54,INR,12,False,False,2,True,False,False,0.5199367194221307,True,"High Transaction Velocity (12.00, 4.1x average), Cross-border Transaction (India to France)","{'current_amount': 3852.54, 'avg_amount': 54349.425513, 'amount_diff_percent': -92.91153500954947, 'current_velocity': 12, 'avg_velocity': 2.9513, 'velocity_diff_percent': 306.6004811439027}"
53b298fd-c4ce-4be3-b4a6-8882b2219bb1,2024-10-04,16:04:59,1a20d6ba-78f1-4c74-8570-235a6c5fd710,a04903ee-a5fd-4c1c-bca9-2004c1cfe1b5,France,USA,Payoneer,104909.25,EUR,4,True,False,3,True,False,False,0.5257002500233606,True,"High Transaction Amount ($104909.25, 1.9x average), Unusual Transaction Time, Cross-border Transaction (France to USA)","{'current_amount': 104909.25, 'avg_amount': 54349.425513, 'amount_diff_percent': 93.02733931365373, 'current_velocity': 4, 'avg_velocity': 2.9513, 'velocity_diff_percent': 35.53349371463424}"
ac98b191-1a29-4549-a342-0a2b2bf5e665,2023-11-26,03:36:00,b9cf1bb0-da14-47f1-9e11-aa4fafa5e84b,ab6af6a5-0982-4ca4-92fa-8c90e9a6a41d,Brazil,Canada,Payoneer,9650.41,BRL,11,True,False,0,True,False,False,0.5683137599356997,True,"High Transaction Velocity (11.00, 3.7x average), Unusual Transaction Time, Cross-border Transaction (Brazil to Canada)","{'current_amount': 9650.41, 'avg_amount': 54349.425513, 'amount_diff_percent': -82.24376815594549, 'current_velocity': 11, 'avg_velocity': 2.9513, 'velocity_diff_percent': 272.71710771524414}"
1e20179e-5c91-478c-acf7-4b655279faab,2024-04-09,00:17:58,c141f769-9b3e-4535-b74a-34bf5d06e36a,6e7b045d-ce8b-4414-8c75-3a912c43f038,Canada,USA,Cryptocurrency,161844.91,CAD,9,True,False,2,False,True,False,0.6142523554896377,True,"High Transaction Amount ($161844.91, 3.0x average), High Transaction Velocity (9.00, 3.0x average), Unusual Transaction Time, Cross-border Transaction (Canada to USA), Known Fraudster Involved","{'current_amount': 161844.91, 'avg_amount': 54349.425513, 'amount_diff_percent': 197.78587072882277, 'current_velocity': 9, 'avg_velocity': 2.9513, 'velocity_diff_percent': 204.95036085792702}"
f892f6ec-cc0c-44e7-b3c0-2ca09cfe92a0,2024-10-17,12:45:47,c8a0ec4d-0394-4256-a588-8661f6e52bc3,5ef13359-8c90-4805-9626-09883a3fe343,USA,Australia,bank transfer,129240.16,USD,9,True,False,1,True,False,False,0.8207949755037344,True,"High Transaction Amount ($129240.16, 2.4x average), High Transaction Velocity (9.00, 3.0x average), Unusual Transaction Time, Cross-border Transaction (USA to Australia)","{'current_amount': 129240.16, 'avg_amount': 54349.425513, 'amount_diff_percent': 137.79489622955936, 'current_velocity': 9, 'avg_velocity': 2.9513, 'velocity_diff_percent': 204.95036085792702}"
4187acae-7f65-4418-8e75-42550d6d2b28,2023-12-05,17:18:29,c01c05d3-4cb8-4873-b63d-84e3ae85c61c,ed4e4d40-490d-4ee5-84bc-94659e6ec9f3,UK,Germany,Payoneer,134563.4,GBP,11,True,True,2,True,False,False,0.8056527410740704,True,"High Transaction Amount ($134563.40, 2.5x average), High Transaction Velocity (11.00, 3.7x average), Unusual Transaction Time, Multiple Currency Conversions, Cross-border Transaction (UK to Germany)","{'current_amount': 134563.4, 'avg_amount': 54349.425513, 'amount_diff_percent': 147.58936958370126, 'current_velocity': 11, 'avg_velocity': 2.9513, 'velocity_diff_percent': 272.71710771524414}"
36df85c3-73db-4eda-89b2-287291944a1b,2023-11-17,10:58:35,3834dbf7-565d-4f5e-ba39-9449b59b7e34,2607575b-21a2-4a01-916e-73d48560d1e5,USA,Canada,Skrill,26663.99,USD,8,True,False,0,True,False,False,0.6235669325863514,True,"High Transaction Velocity (8.00, 2.7x average), Unusual Transaction Time, Cross-border Transaction (USA to Canada)","{'current_amount': 26663.99, 'avg_amount': 54349.425513, 'amount_diff_percent': -50.93970221705073, 'current_velocity': 8, 'avg_velocity': 2.9513, 'velocity_diff_percent': 171.06698742926847}"
83fa6bff-c0d4-4ed3-9a52-b7600b0d4106,2024-08-26,01:52:16,2d392714-2e03-4428-8690-6060c888370d,b054d4d7-29b0-456b-b17d-0919ac1ed857,Germany,UK,Cryptocurrency,70268.75,EUR,5,False,True,4,True,False,False,0.531791662688939,True,"High Transaction Velocity (5.00, 1.7x average), Multiple Currency Conversions, Cross-border Transaction (Germany to UK)","{'current_amount': 70268.75, 'avg_amount': 54349.425513, 'amount_diff_percent': 29.290695047350972, 'current_velocity': 5, 'avg_velocity': 2.9513, 'velocity_diff_percent': 69.41686714329279}"
ae94b2fe-5215-4dfa-a458-d6852bb3cc25,2024-08-11,15:23:32,67362057-c54c-447d-8b15-f2007374036d,8035993e-e0ba-4c58-b5d4-4c5d24df4565,France,France,Skrill,44963.21,EUR,8,True,False,7,True,False,False,0.7804825395047321,True,"High Transaction Velocity (8.00, 2.7x average), Unusual Transaction Time","{'current_amount': 44963.21, 'avg_amount': 54349.425513, 'amount_diff_percent': -17.27012829372941, 'current_velocity': 8, 'avg_velocity': 2.9513, 'velocity_diff_percent': 171.06698742926847}"
4442f4fb-d064-4798-b244-e948827b1778,2024-02-12,15:59:32,b421b2e2-2569-4a53-a738-25b2f2cda4f5,1591230f-4fec-4969-8d41-4663f70e9d69,Netherlands,UK,Skrill,191764.6,EUR,11,True,True,4,True,False,False,0.7569854333971981,True,"High Transaction Amount ($191764.60, 3.5x average), High Transaction Velocity (11.00, 3.7x average), Unusual Transaction Time, Multiple Currency Conversions, Cross-border Transaction (Netherlands to UK)","{'current_amount': 191764.6, 'avg_amount': 54349.425513, 'amount_diff_percent': 252.83648022025784, 'current_velocity': 11, 'avg_velocity': 2.9513, 'velocity_diff_percent': 272.71710771524414}"
8e77078a-ace9-496a-aace-b84f779d07a8,2024-08-11,11:59:52,bfb1e3cb-eaf1-4f33-b31f-543c2a0282ed,f1edf8cb-2e9a-4411-89ac-573199ed7877,India,France,Payoneer,51208.08,INR,12,False,True,2,True,False,False,0.5179497818038794,True,"High Transaction Velocity (12.00, 4.1x average), Multiple Currency Conversions, Cross-border Transaction (India to France)","{'current_amount': 51208.08, 'avg_amount': 54349.425513, 'amount_diff_percent': -5.779905644538252, 'current_velocity': 12, 'avg_velocity': 2.9513, 'velocity_diff_percent': 306.6004811439027}"
72cbddc8-af7f-424f-9bbf-4dbfa70156ea,2024-09-04,09:28:59,8c243126-d279-4488-acdc-003dc8c6d65f,8456b632-a61a-4d97-a825-2ce1bd71a89e,Australia,Canada,UPI,124691.25,AUD,15,True,False,4,True,False,False,0.705439162583302,True,"High Transaction Amount ($124691.25, 2.3x average), High Transaction Velocity (15.00, 5.1x average), Unusual Transaction Time, Cross-border Transaction (Australia to Canada)","{'current_amount': 124691.25, 'avg_amount': 54349.425513, 'amount_diff_percent': 129.4251481465517, 'current_velocity': 15, 'avg_velocity': 2.9513, 'velocity_diff_percent': 408.2506014298784}"
4e534ee6-27b6-422c-838e-da688687def7,2024-04-26,04:17:15,86ef2b48-5847-48ba-8954-2b61c40cd665,fc9743c8-0935-4abf-88c5-55ef7471384b,Japan,UK,PayPal,58856.08,JPY,6,True,False,5,True,False,False,0.7473246263943968,True,"High Transaction Velocity (6.00, 2.0x average), Unusual Transaction Time, Cross-border Transaction (Japan to UK)","{'current_amount': 58856.08, 'avg_amount': 54349.425513, 'amount_diff_percent': 8.292000227163468, 'current_velocity': 6, 'avg_velocity': 2.9513, 'velocity_diff_percent': 103.30024057195135}"
28aea8cf-b81a-4085-90ca-7f30b70ba292,2024-06-25,21:31:01,d1e354c0-609d-49dd-b3d0-74de0ad566df,25ee5038-f606-4a41-9d6f-1b7ebcc546ab,Australia,USA,Skrill,79927.53,AUD,13,True,False,0,True,False,False,0.6919360445029047,True,"High Transaction Velocity (13.00, 4.4x average), Unusual Transaction Time, Cross-border Transaction (Australia to USA)","{'current_amount': 79927.53, 'avg_amount': 54349.425513, 'amount_diff_percent': 47.06232723818193, 'current_velocity': 13, 'avg_velocity': 2.9513, 'velocity_diff_percent': 340.48385457256126}"
04ee10fb-47fd-4399-989a-93f6a0f3965d,2023-12-19,06:56:32,efc0e8ab-4cef-48e4-b422-054e217546f2,9856e3c2-842e-4204-9b6a-cfc9fd3dbd9d,Japan,Canada,Skrill,154636.35,JPY,5,True,False,4,True,False,False,0.7577440619852873,True,"High Transaction Amount ($154636.35, 2.8x average), High Transaction Velocity (5.00, 1.7x average), Unusual Transaction Time, Cross-border Transaction (Japan to Canada)","{'current_amount': 154636.35, 'avg_amount': 54349.425513, 'amount_diff_percent': 184.52251066207145, 'current_velocity': 5, 'avg_velocity': 2.9513, 'velocity_diff_percent': 69.41686714329279}"
f7038f9c-c114-4ad8-88d3-c2e083328ed7,2024-07-26,19:52:15,02bb4c9f-852e-4a1c-9d72-5d3d69cbd6e3,1aed0b2f-2a0d-458c-8fb0-c0126491ea72,Brazil,Brazil,Skrill,169350.8,BRL,2,True,True,3,True,False,False,0.688026181156099,True,"High Transaction Amount ($169350.80, 3.1x average), Unusual Transaction Time, Multiple Currency Conversions","{'current_amount': 169350.8, 'avg_amount': 54349.425513, 'amount_diff_percent': 211.5963018955784, 'current_velocity': 2, 'avg_velocity': 2.9513, 'velocity_diff_percent': -32.233253142682884}"
fd329711-0994-4d80-ae3e-2b77cd613ef0,2024-06-27,09:04:16,eaeedbc2-89dd-4f71-9d1e-39c19f398b73,87aeb05e-6b9d-41f2-9bfb-7cf9b81f4a80,USA,UK,Payoneer,156440.9,USD,7,True,False,6,True,False,False,0.8512196668187622,True,"High Transaction Amount ($156440.90, 2.9x average), High Transaction Velocity (7.00, 2.4x average), Unusual Transaction Time, Cross-border Transaction (USA to UK)","{'current_amount': 156440.9, 'avg_amount': 54349.425513, 'amount_diff_percent': 187.8427849482612, 'current_velocity': 7, 'avg_velocity': 2.9513, 'velocity_diff_percent': 137.1836140006099}"
697366b2-713a-489c-a6e4-4e3fa13735b6,2024-10-06,23:47:13,1c9df9fc-7290-49db-9449-a4fb7c8631ae,b84c47aa-d870-42f0-aec9-85ef459a7f36,USA,Netherlands,UPI,134779.44,USD,7,True,False,4,True,False,False,0.7857041591704643,True,"High Transaction Amount ($134779.44, 2.5x average), High Transaction Velocity (7.00, 2.4x average), Unusual Transaction Time, Cross-border Transaction (USA to Netherlands)","{'current_amount': 134779.44, 'avg_amount': 54349.425513, 'amount_diff_percent': 147.98687148544323, 'current_velocity': 7, 'avg_velocity': 2.9513, 'velocity_diff_percent': 137.1836140006099}"
f7d3444a-a068-42d8-97a3-52076c180dc7,2024-10-07,01:31:07,9d8e453c-e2b3-47c8-9ec1-e3b77fb256b4,273e9ca2-7e2d-4836-8686-0b4f3b6acea8,Brazil,UK,Skrill,191386.02,BRL,5,True,True,0,True,False,False,0.651212152299778,True,"High Transaction Amount ($191386.02, 3.5x average), High Transaction Velocity (5.00, 1.7x average), Unusual Transaction Time, Multiple Currency Conversions, Cross-border Transaction (Brazil to UK)","{'current_amount': 191386.02, 'avg_amount': 54349.425513, 'amount_diff_percent': 252.13991351982514, 'current_velocity': 5, 'avg_velocity': 2.9513, 'velocity_diff_percent': 69.41686714329279}"
638e5a90-7d34-4324-8b13-c9ec73e3d7c5,2024-06-03,02:57:20,2f0680e5-61ae-4584-b207-344596856f86,e3a8c1b8-75f1-4863-a22f-6fe162a956d5,Germany,USA,Cryptocurrency,46986.24,EUR,9,False,True,6,True,False,False,0.7857988273051393,True,"High Transaction Velocity (9.00, 3.0x average), Multiple Currency Conversions, Cross-border Transaction (Germany to USA)","{'current_amount': 46986.24, 'avg_amount': 54349.425513, 'amount_diff_percent': -13.547862637920213, 'current_velocity': 9, 'avg_velocity': 2.9513, 'velocity_diff_percent': 204.95036085792702}"
8be94971-afd2-4470-b268-6b5b51fc7448,2024-06-08,00:37:39,0e4dc5b3-36b3-49d8-b33e-f95acab5b2ea,e4c2fa57-c4f0-4639-bb87-b4854d621aa8,UK,Japan,Skrill,34669.54,GBP,3,False,True,4,False,False,False,0.5300235507127286,True,"Multiple Currency Conversions, Cross-border Transaction (UK to Japan)","{'current_amount': 34669.54, 'avg_amount': 54349.425513, 'amount_diff_percent': -36.20992370617186, 'current_velocity': 3, 'avg_velocity': 2.9513, 'velocity_diff_percent': 1.6501202859756783}"
1693707e-4810-4b3f-8fab-f443175a0140,2024-10-06,13:59:53,e5de6f3c-b269-4cad-9f73-041fce114ff3,743d1420-9eda-4a62-923f-94dde23a2ff7,USA,Canada,Skrill,31640.7,USD,15,True,False,0,True,False,False,0.6324432146376335,True,"High Transaction Velocity (15.00, 5.1x average), Unusual Transaction Time, Cross-border Transaction (USA to Canada)","{'current_amount': 31640.7, 'avg_amount': 54349.425513, 'amount_diff_percent': -41.78282529880327, 'current_velocity': 15, 'avg_velocity': 2.9513, 'velocity_diff_percent': 408.2506014298784}"
9afca205-36cf-48d9-a36d-d526c254a771,2023-11-18,13:38:51,e8cc3bc3-e697-4eef-8dce-41a186cb1750,313be68f-9f3f-43fa-9470-3f88b926853f,USA,India,Payoneer,85452.45,USD,6,True,False,3,True,False,False,0.5448397862492217,True,"High Transaction Amount ($85452.45, 1.6x average), High Transaction Velocity (6.00, 2.0x average), Unusual Transaction Time, Cross-border Transaction (USA to India)","{'current_amount': 85452.45, 'avg_amount': 54349.425513, 'amount_diff_percent': 57.227880871639336, 'current_velocity': 6, 'avg_velocity': 2.9513, 'velocity_diff_percent': 103.30024057195135}"
3ed2389e-0fed-438a-8a7a-7729b76f0803,2024-01-28,14:01:43,a0d2b971-8bd0-4740-83ad-3499830b05d8,73c352fa-4eb3-4f03-8d88-1e3f4c287c90,Canada,France,Payoneer,171986.41,CAD,13,True,False,0,False,False,True,0.5310880437852445,True,"High Transaction Amount ($171986.41, 3.2x average), High Transaction Velocity (13.00, 4.4x average), Unusual Transaction Time, Cross-border Transaction (Canada to France)","{'current_amount': 171986.41, 'avg_amount': 54349.425513, 'amount_diff_percent': 216.4456815810538, 'current_velocity': 13, 'avg_velocity': 2.9513, 'velocity_diff_percent': 340.48385457256126}"
03003b94-762c-4dd9-b7ae-9584a640ca27,2024-03-03,11:56:01,dc5bc9cf-e7f1-4176-a9f8-c4b51577a6b7,bde03b6f-7c65-482c-a5f0-93418f9c8145,Germany,Germany,Payoneer,196460.38,EUR,7,True,True,1,True,False,False,0.7289066529439515,True,"High Transaction Amount ($196460.38, 3.6x average), High Transaction Velocity (7.00, 2.4x average), Unusual Transaction Time, Multiple Currency Conversions","{'current_amount': 196460.38, 'avg_amount': 54349.425513, 'amount_diff_percent': 261.47646115046433, 'current_velocity': 7, 'avg_velocity': 2.9513, 'velocity_diff_percent': 137.1836140006099}"
50271367-4f71-4261-a4d8-fe3d58412247,2024-01-27,12:49:12,37258e82-8f8b-40f7-aece-58529c073717,0e9d9eff-a146-4505-a185-f3f2e155dc43,Australia,UK,Skrill,47931.4,AUD,14,False,False,2,True,False,False,0.623163192984498,True,"High Transaction Velocity (14.00, 4.7x average), Cross-border Transaction (Australia to UK)","{'current_amount': 47931.4, 'avg_amount': 54349.425513, 'amount_diff_percent': -11.808819416986944, 'current_velocity': 14, 'avg_velocity': 2.9513, 'velocity_diff_percent': 374.3672280012198}"
2a72aec3-ab15-4089-a2ab-d0e75c39541a,2024-03-31,14:31:47,4e5e2f1a-3e58-4aad-8d1f-d90074c853cc,6b623d8b-0829-4a65-b089-3d45165e5662,Australia,Canada,PayPal,165326.12,AUD,11,True,False,2,True,False,False,0.7620451218950497,True,"High Transaction Amount ($165326.12, 3.0x average), High Transaction Velocity (11.00, 3.7x average), Unusual Transaction Time, Cross-border Transaction (Australia to Canada)","{'current_amount': 165326.12, 'avg_amount': 54349.425513, 'amount_diff_percent': 204.1911086262635, 'current_velocity': 11, 'avg_velocity': 2.9513, 'velocity_diff_percent': 272.71710771524414}"
2e08470e-5ac5-4ab7-95d9-90381867b598,2024-10-10,02:42:06,a926c8be-35ac-43b4-8ed4-4a0273ae1188,0753ddea-6ef7-4e1b-95e3-cd68350afe5b,India,Netherlands,bank transfer,177805.39,INR,6,False,False,1,True,False,False,0.6531565142377928,True,"High Transaction Amount ($177805.39, 3.3x average), High Transaction Velocity (6.00, 2.0x average), Cross-border Transaction (India to Netherlands)","{'current_amount': 177805.39, 'avg_amount': 54349.425513, 'amount_diff_percent': 227.15228969158142, 'current_velocity': 6, 'avg_velocity': 2.9513, 'velocity_diff_percent': 103.30024057195135}"
927d065b-bc23-435d-ac9f-fa00242cf6b8,2024-01-31,19:01:19,fc2a9cd9-bbe1-4ffc-806f-4d84fcc3b777,67013445-ac1b-40f0-a7a0-532df62b5793,Brazil,France,UPI,33891.99,BRL,11,True,False,2,True,False,False,0.6558056864384118,True,"High Transaction Velocity (11.00, 3.7x average), Unusual Transaction Time, Cross-border Transaction (Brazil to France)","{'current_amount': 33891.99, 'avg_amount': 54349.425513, 'amount_diff_percent': -37.640573602947704, 'current_velocity': 11, 'avg_velocity': 2.9513, 'velocity_diff_percent': 272.71710771524414}"
450f5383-b9ea-4c93-974e-cbad5e8fc835,2024-09-02,20:57:24,5cbfe85c-7b70-466c-8ec1-5ad6a988753b,412a20a3-acc6-4052-b461-32b01fc5e331,Germany,India,PayPal,59350.63,EUR,8,False,False,3,True,False,False,0.5787534621666981,True,"High Transaction Velocity (8.00, 2.7x average), Cross-border Transaction (Germany to India)","{'current_amount': 59350.63, 'avg_amount': 54349.425513, 'amount_diff_percent': 9.201945447985908, 'current_velocity': 8, 'avg_velocity': 2.9513, 'velocity_diff_percent': 171.06698742926847}"
8f524b3d-72c9-436d-8b06-af70bf836493,2024-01-31,13:03:53,5f535704-0030-450c-b42a-645fcd3dc18d,c0a1fc9c-6932-4c93-bf0c-f421038ffac4,Canada,USA,PayPal,191833.02,CAD,6,False,False,5,True,False,False,0.8581809379907206,True,"High Transaction Amount ($191833.02, 3.5x average), High Transaction Velocity (6.00, 2.0x average), Cross-border Transaction (Canada to USA)","{'current_amount': 191833.02, 'avg_amount': 54349.425513, 'amount_diff_percent': 252.96236931541233, 'current_velocity': 6, 'avg_velocity': 2.9513, 'velocity_diff_percent': 103.30024057195135}"
3838eaf6-11bf-4331-a7a8-1f23d49710b2,2024-09-20,02:01:49,26d35de5-bd01-4dc4-af5c-369552e32a7d,6c202f31-49f9-4dff-9cdf-bdbaa5c2aab6,France,Canada,Payoneer,28924.69,EUR,8,True,False,4,True,False,False,0.6988563756856422,True,"High Transaction Velocity (8.00, 2.7x average), Unusual Transaction Time, Cross-border Transaction (France to Canada)","{'current_amount': 28924.69, 'avg_amount': 54349.425513, 'amount_diff_percent': -46.78013663073326, 'current_velocity': 8, 'avg_velocity': 2.9513, 'velocity_diff_percent': 171.06698742926847}"
019afe50-e4fb-44db-961b-488cccaa6b9e,2024-05-30,02:09:51,d6b826b0-c4e1-4aa7-b3cd-c6d6107aac4c,f2a0a964-31cc-496d-9edc-d31ea8d59c8d,UK,Japan,Payoneer,80365.85,GBP,9,False,False,4,True,False,False,0.6989645561951205,True,"High Transaction Velocity (9.00, 3.0x average), Cross-border Transaction (UK to Japan)","{'current_amount': 80365.85, 'avg_amount': 54349.425513, 'amount_diff_percent': 47.86881230377873, 'current_velocity': 9, 'avg_velocity': 2.9513, 'velocity_diff_percent': 204.95036085792702}"
3c0e4547-0072-4e13-8590-6a4287a2d63c,2023-12-14,18:43:18,40d101af-59e4-459e-8122-b9f6665b7c44,e1b7d6a8-9bd4-4517-ae93-1deed4e32080,UK,USA,bank transfer,160122.28,GBP,6,False,False,5,True,False,False,0.7732376120485991,True,"High Transaction Amount ($160122.28, 2.9x average), High Transaction Velocity (6.00, 2.0x average), Cross-border Transaction (UK to USA)","{'current_amount': 160122.28, 'avg_amount': 54349.425513, 'amount_diff_percent': 194.61632480678176, 'current_velocity': 6, 'avg_velocity': 2.9513, 'velocity_diff_percent': 103.30024057195135}"
839a24a2-4256-4afc-9fce-cfe3d3cc80fb,2024-04-25,13:14:34,6ffef618-edb6-412c-9263-c66ad7bdb9b6,c9226749-8211-4643-8f19-2de604d6f1e1,India,UK,PayPal,16042.48,INR,7,False,False,3,True,False,False,0.5091527693908925,True,"High Transaction Velocity (7.00, 2.4x average), Cross-border Transaction (India to UK)","{'current_amount': 16042.48, 'avg_amount': 54349.425513, 'amount_diff_percent': -70.4827054774245, 'current_velocity': 7, 'avg_velocity': 2.9513, 'velocity_diff_percent': 137.1836140006099}"
1a9e11d6-9ef1-443f-a051-26d47fb6e855,2024-03-23,14:54:50,6b6bc27e-e278-46ce-94f1-b0d98195346d,b3f1bee0-f6b6-450d-aca1-24dba5cf689f,Netherlands,Brazil,PayPal,147158.98,EUR,7,False,False,6,True,False,False,0.7976391656256456,True,"High Transaction Amount ($147158.98, 2.7x average), High Transaction Velocity (7.00, 2.4x average), Cross-border Transaction (Netherlands to Brazil)","{'current_amount': 147158.98, 'avg_amount': 54349.425513, 'amount_diff_percent': 170.76455475099846, 'current_velocity': 7, 'avg_velocity': 2.9513, 'velocity_diff_percent': 137.1836140006099}"
b855fd19-023e-4887-847e-ee70e72d1558,2024-06-06,20:43:30,87c445b0-3507-4b9f-8e1e-d551b277f22a,0ad6a443-e1d1-4e78-aa88-0d243b0daa5e,France,Canada,PayPal,43160.9,EUR,8,True,True,2,True,False,False,0.6860558279612969,True,"High Transaction Velocity (8.00, 2.7x average), Unusual Transaction Time, Multiple Currency Conversions, Cross-border Transaction (France to Canada)","{'current_amount': 43160.9, 'avg_amount': 54349.425513, 'amount_diff_percent': -20.586281101211977, 'current_velocity': 8, 'avg_velocity': 2.9513, 'velocity_diff_percent': 171.06698742926847}"
0926b6d9-7403-4baf-a41e-674628889956,2023-12-20,02:48:19,b86abc54-f0e1-4a65-a8e2-e6e8169fb380,cadc4d21-9a5f-4768-9ca5-beac9274d95d,Japan,Netherlands,bank transfer,93435.94,JPY,8,False,True,0,True,False,False,0.5836959055132668,True,"High Transaction Amount ($93435.94, 1.7x average), High Transaction Velocity (8.00, 2.7x average), Multiple Currency Conversions, Cross-border Transaction (Japan to Netherlands)","{'current_amount': 93435.94, 'avg_amount': 54349.425513, 'amount_diff_percent': 71.91707017703578, 'current_velocity': 8, 'avg_velocity': 2.9513, 'velocity_diff_percent': 171.06698742926847}"
79466154-2a1b-4ec4-8634-7ebd3a49673e,2023-11-13,22:08:20,04a3eb8b-bccf-4b70-af1e-ce4347db3705,4d41ac37-f29b-421f-b35c-a9cf273db931,India,Brazil,Skrill,104643.19,INR,3,False,False,6,True,False,False,0.6238652830726668,True,"High Transaction Amount ($104643.19, 1.9x average), Cross-border Transaction (India to Brazil)","{'current_amount': 104643.19, 'avg_amount': 54349.425513, 'amount_diff_percent': 92.53780332042348, 'current_velocity': 3, 'avg_velocity': 2.9513, 'velocity_diff_percent': 1.6501202859756783}"
5e60d8d9-39aa-4997-9fc9-b4b965550785,2024-07-23,14:17:04,e848d2d3-ff44-43ac-abf0-52f873cfa82f,e3b8be4d-6323-4ef7-bc1e-0bf70d0f49ad,UK,USA,Cryptocurrency,118943.7,GBP,9,False,True,5,True,False,False,0.7801584600967226,True,"High Transaction Amount ($118943.70, 2.2x average), High Transaction Velocity (9.00, 3.0x average), Multiple Currency Conversions, Cross-border Transaction (UK to USA)","{'current_amount': 118943.7, 'avg_amount': 54349.425513, 'amount_diff_percent': 118.8499673681914, 'current_velocity': 9, 'avg_velocity': 2.9513, 'velocity_diff_percent': 204.95036085792702}"
c5c8d872-398f-4129-b2ed-5dc953008dae,2023-12-27,15:37:06,44b4e115-e0af-4ea2-bc8f-9954ada26782,fa6a23b3-6c45-4742-9fbe-5b63ad0d2ba3,UK,Japan,Payoneer,192869.97,GBP,6,True,False,3,True,False,False,0.74604585231273,True,"High Transaction Amount ($192869.97, 3.5x average), High Transaction Velocity (6.00, 2.0x average), Unusual Transaction Time, Cross-border Transaction (UK to Japan)","{'current_amount': 192869.97, 'avg_amount': 54349.425513, 'amount_diff_percent': 254.87030116604794, 'current_velocity': 6, 'avg_velocity': 2.9513, 'velocity_diff_percent': 103.30024057195135}"
b166a7a7-fe1a-41d6-8914-08697f289ea0,2024-02-29,22:06:18,a1c82baf-e470-4984-bc7b-d90f3104b6a2,2ea9da44-206e-42ad-b9cd-53b219fba88d,Japan,Brazil,Skrill,10906.89,JPY,11,True,False,1,True,False,False,0.6694018748998739,True,"High Transaction Velocity (11.00, 3.7x average), Unusual Transaction Time, Cross-border Transaction (Japan to Brazil)","{'current_amount': 10906.89, 'avg_amount': 54349.425513, 'amount_diff_percent': -79.93191299254644, 'current_velocity': 11, 'avg_velocity': 2.9513, 'velocity_diff_percent': 272.71710771524414}"
7935f11a-02f0-4774-b472-d79700b25494,2024-02-23,18:25:12,316c2004-6468-491f-bc55-2481b8c58851,b6fbe77d-972a-49ac-93cd-dc2413a22531,India,Germany,bank transfer,171633.87,INR,10,True,True,5,True,False,False,0.7689217943136168,True,"High Transaction Amount ($171633.87, 3.2x average), High Transaction Velocity (10.00, 3.4x average), Unusual Transaction Time, Multiple Currency Conversions, Cross-border Transaction (India to Germany)","{'current_amount': 171633.87, 'avg_amount': 54349.425513, 'amount_diff_percent': 215.79702707059226, 'current_velocity': 10, 'avg_velocity': 2.9513, 'velocity_diff_percent': 238.8337342865856}"
6849fc50-9db3-4f51-a760-a1cac60d1443,2024-02-01,08:47:23,7bdb50e2-0e96-4caf-b77d-6e967c27b48f,47cd8811-e7f3-4264-a301-55137f251d9a,Australia,Brazil,Cryptocurrency,190222.52,AUD,6,False,False,4,True,False,False,0.6836455845192115,True,"High Transaction Amount ($190222.52, 3.5x average), High Transaction Velocity (6.00, 2.0x average), Cross-border Transaction (Australia to Brazil)","{'current_amount': 190222.52, 'avg_amount': 54349.425513, 'amount_diff_percent': 249.99913652169167, 'current_velocity': 6, 'avg_velocity': 2.9513, 'velocity_diff_percent': 103.30024057195135}"
a4d399f5-feba-415d-9999-835f18da6a8e,2024-09-21,19:39:36,9557528b-fbe6-4780-bec7-c75c3a6298d6,af8c76f6-c131-4141-ae38-a7f178bbf101,France,Netherlands,Payoneer,18679.91,EUR,10,False,True,4,True,False,False,0.7186735098568329,True,"High Transaction Velocity (10.00, 3.4x average), Multiple Currency Conversions, Cross-border Transaction (France to Netherlands)","{'current_amount': 18679.91, 'avg_amount': 54349.425513, 'amount_diff_percent': -65.62997709049952, 'current_velocity': 10, 'avg_velocity': 2.9513, 'velocity_diff_percent': 238.8337342865856}"
9493d60f-1e46-404b-8f23-f7c71db1013e,2024-10-01,15:43:51,d330bb04-881f-4530-8092-220c8dca7b9b,5c8988a9-6955-4551-8cd3-87b0f2c54c9a,Brazil,Netherlands,UPI,56420.17,BRL,12,False,True,3,True,False,False,0.5573040558659428,True,"High Transaction Velocity (12.00, 4.1x average), Multiple Currency Conversions, Cross-border Transaction (Brazil to Netherlands)","{'current_amount': 56420.17, 'avg_amount': 54349.425513, 'amount_diff_percent': 3.810057728217732, 'current_velocity': 12, 'avg_velocity': 2.9513, 'velocity_diff_percent': 306.6004811439027}"
debfccd6-e782-43e4-8cb0-75f35f88f34e,2024-07-01,01:44:04,5f717435-37ab-4656-ba3b-74a608f2c12f,ff162df0-63fd-49ee-b80f-19718570bd1b,Australia,UK,bank transfer,81217.47,AUD,9,True,False,4,True,False,False,0.7329320867601057,True,"High Transaction Velocity (9.00, 3.0x average), Unusual Transaction Time, Cross-border Transaction (Australia to UK)","{'current_amount': 81217.47, 'avg_amount': 54349.425513, 'amount_diff_percent': 49.435746989769655, 'current_velocity': 9, 'avg_velocity': 2.9513, 'velocity_diff_percent': 204.95036085792702}"
6edd84de-2ca6-4b99-b9bb-05f7e422653c,2024-08-23,15:25:11,69c2bd7e-0878-4663-9633-4aaf78b06c9e,f7ba5203-db66-4919-ab34-7d19e1319be4,Netherlands,UK,Cryptocurrency,43626.11,EUR,5,True,True,4,True,False,False,0.6045676278784904,True,"High Transaction Velocity (5.00, 1.7x average), Unusual Transaction Time, Multiple Currency Conversions, Cross-border Transaction (Netherlands to UK)","{'current_amount': 43626.11, 'avg_amount': 54349.425513, 'amount_diff_percent': -19.73031989167035, 'current_velocity': 5, 'avg_velocity': 2.9513, 'velocity_diff_percent': 69.41686714329279}"
63cdd967-c143-4823-add4-46b2d7901f13,2024-03-27,07:33:10,d926507f-454d-403f-bbc5-dd15f51f0b15,7fa46d98-7690-450b-8de6-10f7a4e43397,Germany,Australia,Skrill,17763.42,EUR,10,True,False,0,True,False,False,0.5954847471492726,True,"High Transaction Velocity (10.00, 3.4x average), Unusual Transaction Time, Cross-border Transaction (Germany to Australia)","{'current_amount': 17763.42, 'avg_amount': 54349.425513, 'amount_diff_percent': -67.31626906387241, 'current_velocity': 10, 'avg_velocity': 2.9513, 'velocity_diff_percent': 238.8337342865856}"
d7ae4cc9-89cc-4a2e-973d-150813ed3f14,2024-04-23,18:22:31,39b164e8-fff4-459d-9384-867a3e2d6ba7,7b4ddfbe-2e00-41da-ac8c-c6ca0d422c91,France,India,Cryptocurrency,164838.19,EUR,11,False,True,5,True,False,False,0.81393999356668,True,"High Transaction Amount ($164838.19, 3.0x average), High Transaction Velocity (11.00, 3.7x average), Multiple Currency Conversions, Cross-border Transaction (France to India)","{'current_amount': 164838.19, 'avg_amount': 54349.425513, 'amount_diff_percent': 203.2933438469775, 'current_velocity': 11, 'avg_velocity': 2.9513, 'velocity_diff_percent': 272.71710771524414}"
6e17ff0c-c07c-4422-b7b3-2ddce74c964a,2024-08-11,12:28:33,912fcd3f-ddef-474f-80c3-a228ea8d8787,8c046aaa-742f-49e2-a2c8-1f6c4ca757e4,India,Brazil,bank transfer,160868.21,INR,8,True,False,3,True,False,False,0.7329811835231758,True,"High Transaction Amount ($160868.21, 3.0x average), High Transaction Velocity (8.00, 2.7x average), Unusual Transaction Time, Cross-border Transaction (India to Brazil)","{'current_amount': 160868.21, 'avg_amount': 54349.425513, 'amount_diff_percent': 195.9887956157355, 'current_velocity': 8, 'avg_velocity': 2.9513, 'velocity_diff_percent': 171.06698742926847}"
80af2d97-54c3-4179-aa08-ec5f42d07053,2023-12-03,11:40:16,edb03a27-945e-45d7-bba6-66a8f9df5e0d,9ea06adc-e83a-42ea-90e2-8ee9292e7d27,India,UK,PayPal,47678.14,INR,7,True,False,1,True,False,False,0.6568680146906004,True,"High Transaction Velocity (7.00, 2.4x average), Unusual Transaction Time, Cross-border Transaction (India to UK)","{'current_amount': 47678.14, 'avg_amount': 54349.425513, 'amount_diff_percent': -12.274804103318953, 'current_velocity': 7, 'avg_velocity': 2.9513, 'velocity_diff_percent': 137.1836140006099}"
03adaa11-57e4-4b08-bcbb-b4399948257f,2024-06-22,02:28:46,3e818067-ebeb-43ca-94a0-adcdaa69d326,61d101e0-073b-4606-a162-98b65d0c2faf,UK,India,UPI,4630.03,GBP,7,False,False,5,True,False,False,0.6694804878863857,True,"High Transaction Velocity (7.00, 2.4x average), Cross-border Transaction (UK to India)","{'current_amount': 4630.03, 'avg_amount': 54349.425513, 'amount_diff_percent': -91.4809955095247, 'current_velocity': 7, 'avg_velocity': 2.9513, 'velocity_diff_percent': 137.1836140006099}"
1d3e5474-c09d-4450-958a-e7a4e43c4bf6,2024-06-23,07:26:48,5ec895df-8ebd-4bb3-b826-36b9a09dfe2e,2550dc5c-1c60-485c-8352-e7e8a4331f94,Netherlands,Brazil,UPI,179413.76,EUR,4,True,False,4,True,False,False,0.653040746486776,True,"High Transaction Amount ($179413.76, 3.3x average), Unusual Transaction Time, Cross-border Transaction (Netherlands to Brazil)","{'current_amount': 179413.76, 'avg_amount': 54349.425513, 'amount_diff_percent': 230.11160340063853, 'current_velocity': 4, 'avg_velocity': 2.9513, 'velocity_diff_percent': 35.53349371463424}"
9591a771-2917-4835-81eb-9d0d92b3fd3c,2024-04-10,03:55:20,47481966-85ec-4e89-a4b2-e2fbfe3d3aa1,2aea8d99-3b20-488e-bf4a-8c03b2e0fe63,Netherlands,Canada,Skrill,189693.02,EUR,12,True,False,1,True,False,False,0.7302381278173975,True,"High Transaction Amount ($189693.02, 3.5x average), High Transaction Velocity (12.00, 4.1x average), Unusual Transaction Time, Cross-border Transaction (Netherlands to Canada)","{'current_amount': 189693.02, 'avg_amount': 54349.425513, 'amount_diff_percent': 249.0248851933619, 'current_velocity': 12, 'avg_velocity': 2.9513, 'velocity_diff_percent': 306.6004811439027}"
67fd8128-0997-4f77-bb4f-b79b1c50c2b2,2024-07-11,05:47:57,89cb0730-00b5-4a2f-b4af-718a0fdbb6ae,9be829d1-a77d-4848-8abe-7dec6c2bf15f,Australia,USA,bank transfer,134072.01,AUD,6,True,False,3,True,False,False,0.7436835879288697,True,"High Transaction Amount ($134072.01, 2.5x average), High Transaction Velocity (6.00, 2.0x average), Unusual Transaction Time, Cross-border Transaction (Australia to USA)","{'current_amount': 134072.01, 'avg_amount': 54349.425513, 'amount_diff_percent': 146.68523859176935, 'current_velocity': 6, 'avg_velocity': 2.9513, 'velocity_diff_percent': 103.30024057195135}"
838df184-ea1c-4f01-a0f2-ce7d9bb92d32,2024-02-06,01:42:58,69bf0f9d-778a-4a35-909c-b17ca1e01db7,1ee7a903-a159-4850-a20a-4b8701577194,Netherlands,Brazil,UPI,94853.75,EUR,6,True,False,4,True,False,False,0.651373491669277,True,"High Transaction Amount ($94853.75, 1.7x average), High Transaction Velocity (6.00, 2.0x average), Unusual Transaction Time, Cross-border Transaction (Netherlands to Brazil)","{'current_amount': 94853.75, 'avg_amount': 54349.425513, 'amount_diff_percent': 74.52576380464528, 'current_velocity': 6, 'avg_velocity': 2.9513, 'velocity_diff_percent': 103.30024057195135}"
63a045d3-19c4-4072-afdb-afb7d364d477,2024-08-11,00:04:07,dedf86a4-2d29-4faa-82a4-cc0384c37da8,d320c452-5dca-48fc-8e1d-21121056be56,Australia,France,Payoneer,64473.44,AUD,14,True,False,0,True,False,False,0.6394613048863098,True,"High Transaction Velocity (14.00, 4.7x average), Unusual Transaction Time, Cross-border Transaction (Australia to France)","{'current_amount': 64473.44, 'avg_amount': 54349.425513, 'amount_diff_percent': 18.627638455126647, 'current_velocity': 14, 'avg_velocity': 2.9513, 'velocity_diff_percent': 374.3672280012198}"
655b1fa7-541c-4f74-b70f-b3f6edd36292,2024-06-29,01:45:23,404828f6-09c5-458f-8a15-695f93f78e2d,e2621f9a-24ee-4c12-9d32-9adf27d0a5ec,Netherlands,Japan,bank transfer,185758.49,EUR,7,True,False,5,True,False,False,0.8199306683795073,True,"High Transaction Amount ($185758.49, 3.4x average), High Transaction Velocity (7.00, 2.4x average), Unusual Transaction Time, Cross-border Transaction (Netherlands to Japan)","{'current_amount': 185758.49, 'avg_amount': 54349.425513, 'amount_diff_percent': 241.78556304255298, 'current_velocity': 7, 'avg_velocity': 2.9513, 'velocity_diff_percent': 137.1836140006099}"
c09f7d45-ec0f-4ae5-bd51-f653c14384a6,2024-03-17,17:22:32,e7cfbff6-3354-42bb-927b-35e84d72e7a4,a024ffce-adce-47e4-9c0c-60b733a6d50f,Japan,Netherlands,UPI,172172.94,JPY,6,True,False,1,True,False,False,0.7970219985081844,True,"High Transaction Amount ($172172.94, 3.2x average), High Transaction Velocity (6.00, 2.0x average), Unusual Transaction Time, Cross-border Transaction (Japan to Netherlands)","{'current_amount': 172172.94, 'avg_amount': 54349.425513, 'amount_diff_percent': 216.7888866807202, 'current_velocity': 6, 'avg_velocity': 2.9513, 'velocity_diff_percent': 103.30024057195135}"
25939b6a-9111-4aaa-8951-0327e9dd39ef,2024-06-30,21:06:21,0aac6224-5478-470c-b375-49a9abd61e1f,3a46963b-d5fa-457c-9666-e0741522adab,Netherlands,Australia,Skrill,153427.25,EUR,8,False,False,2,True,False,False,0.7250744802107849,True,"High Transaction Amount ($153427.25, 2.8x average), High Transaction Velocity (8.00, 2.7x average), Cross-border Transaction (Netherlands to Australia)","{'current_amount': 153427.25, 'avg_amount': 54349.425513, 'amount_diff_percent': 182.29783213311293, 'current_velocity': 8, 'avg_velocity': 2.9513, 'velocity_diff_percent': 171.06698742926847}"
b5461632-24ea-4bcc-888c-7b1241391f55,2024-01-10,00:58:16,04b3304d-5f02-4544-b4d3-afe3303dbfe8,a6b5abe1-63ba-4786-8e7d-bf37265a16c5,Canada,India,Payoneer,72659.27,CAD,10,True,False,4,True,False,False,0.7069474696552347,True,"High Transaction Velocity (10.00, 3.4x average), Unusual Transaction Time, Cross-border Transaction (Canada to India)","{'current_amount': 72659.27, 'avg_amount': 54349.425513, 'amount_diff_percent': 33.68912240410051, 'current_velocity': 10, 'avg_velocity': 2.9513, 'velocity_diff_percent': 238.8337342865856}"
e2946563-29ed-43ac-88e2-58a1cdcf6377,2024-04-11,06:43:46,b8d87b38-e162-4a1c-bd52-31f21c9715c1,10bfa234-1f12-46cb-85d1-550edb0b77b8,India,Australia,bank transfer,157510.41,INR,5,True,False,0,True,False,False,0.7050817138649326,True,"High Transaction Amount ($157510.41, 2.9x average), High Transaction Velocity (5.00, 1.7x average), Unusual Transaction Time, Cross-border Transaction (India to Australia)","{'current_amount': 157510.41, 'avg_amount': 54349.425513, 'amount_diff_percent': 189.81062543581925, 'current_velocity': 5, 'avg_velocity': 2.9513, 'velocity_diff_percent': 69.41686714329279}"
bb123a9d-f9de-48e2-aec5-cf9d3cdf3d45,2023-11-04,14:57:41,7152a224-d6f5-4256-9b9c-3c4e0867f054,647a7cb6-98ca-4e27-9df4-6aa639109e91,France,Canada,Payoneer,163527.13,EUR,9,False,False,3,True,False,False,0.7128689648365899,True,"High Transaction Amount ($163527.13, 3.0x average), High Transaction Velocity (9.00, 3.0x average), Cross-border Transaction (France to Canada)","{'current_amount': 163527.13, 'avg_amount': 54349.425513, 'amount_diff_percent': 200.88106443900767, 'current_velocity': 9, 'avg_velocity': 2.9513, 'velocity_diff_percent': 204.95036085792702}"
b8354191-40ef-436c-af41-65afe428a63b,2023-12-21,14:38:54,3b918a97-d5a2-4ecc-8d6e-09870eb56f92,b07fb921-005f-4b72-8c5e-b3da7fdf3769,UK,Netherlands,Cryptocurrency,44892.72,GBP,11,True,True,2,True,False,False,0.6437425372743641,True,"High Transaction Velocity (11.00, 3.7x average), Unusual Transaction Time, Multiple Currency Conversions, Cross-border Transaction (UK to Netherlands)","{'current_amount': 44892.72, 'avg_amount': 54349.425513, 'amount_diff_percent': -17.399826076796383, 'current_velocity': 11, 'avg_velocity': 2.9513, 'velocity_diff_percent': 272.71710771524414}"
4bbc8c02-0c01-4e6b-a322-959becb2067c,2024-05-30,02:10:18,99d3b9bb-420b-47f0-a5ea-dc74af5c2eac,53a3d84b-7eb2-46b0-8f36-1f53a93ccde6,UK,India,bank transfer,159860.69,GBP,9,True,True,1,True,False,False,0.7522483548685927,True,"High Transaction Amount ($159860.69, 2.9x average), High Transaction Velocity (9.00, 3.0x average), Unusual Transaction Time, Multiple Currency Conversions, Cross-border Transaction (UK to India)","{'current_amount': 159860.69, 'avg_amount': 54349.425513, 'amount_diff_percent': 194.1350133715074, 'current_velocity': 9, 'avg_velocity': 2.9513, 'velocity_diff_percent': 204.95036085792702}"
645f13ab-32fe-41f1-a124-195e60794bd4,2024-08-10,10:38:15,08843bd9-88b8-4785-a1c3-ee7ae0431f8e,7e2b61e0-e94b-4a2b-bc15-81ae16279f06,Netherlands,Canada,Skrill,81538.97,EUR,9,False,False,3,True,False,False,0.53228987078875,True,"High Transaction Amount ($81538.97, 1.5x average), High Transaction Velocity (9.00, 3.0x average), Cross-border Transaction (Netherlands to Canada)","{'current_amount': 81538.97, 'avg_amount': 54349.425513, 'amount_diff_percent': 50.02728958100293, 'current_velocity': 9, 'avg_velocity': 2.9513, 'velocity_diff_percent': 204.95036085792702}"
fff484a8-342e-4fa4-9326-de02d501ee24,2023-12-17,22:51:27,ec7c2652-4477-47cc-9421-fab257768e90,c686fbd7-bfdf-4e56-85a3-4f343dec1325,Japan,UK,bank transfer,167049.84,JPY,7,False,False,1,True,False,False,0.7895550360773147,True,"High Transaction Amount ($167049.84, 3.1x average), High Transaction Velocity (7.00, 2.4x average), Cross-border Transaction (Japan to UK)","{'current_amount': 167049.84, 'avg_amount': 54349.425513, 'amount_diff_percent': 207.36266008928257, 'current_velocity': 7, 'avg_velocity': 2.9513, 'velocity_diff_percent': 137.1836140006099}"
6b3f8796-36d8-4c99-9514-b97f8dde45fa,2024-08-29,08:07:07,d14a97c0-e561-4104-bee3-1ca7eaa58bbf,23efab4d-7de6-4f25-8409-5927b526000f,France,Japan,bank transfer,112841.65,EUR,13,True,False,4,True,False,False,0.8241493349737408,True,"High Transaction Amount ($112841.65, 2.1x average), High Transaction Velocity (13.00, 4.4x average), Unusual Transaction Time, Cross-border Transaction (France to Japan)","{'current_amount': 112841.65, 'avg_amount': 54349.425513, 'amount_diff_percent': 107.62252578550083, 'current_velocity': 13, 'avg_velocity': 2.9513, 'velocity_diff_percent': 340.48385457256126}"
8e7ca1f4-cf36-48ba-8d2d-633427142779,2024-02-13,08:32:33,a2784f12-8fbc-4e8c-bf88-ef73d5818bac,279e54c2-55f3-4e24-9a24-415c255c06ef,Netherlands,Brazil,bank transfer,181807.2,EUR,8,True,False,6,True,False,False,0.8236874941883001,True,"High Transaction Amount ($181807.20, 3.3x average), High Transaction Velocity (8.00, 2.7x average), Unusual Transaction Time, Cross-border Transaction (Netherlands to Brazil)","{'current_amount': 181807.2, 'avg_amount': 54349.425513, 'amount_diff_percent': 234.51540339927425, 'current_velocity': 8, 'avg_velocity': 2.9513, 'velocity_diff_percent': 171.06698742926847}"
74aea9d9-f037-44cd-86ec-400480a46a13,2023-10-24,18:15:57,2f3e7007-102b-433e-ab8a-639dd00bf83f,7386f297-05d7-4604-9a86-b6cb6d7dce06,Netherlands,India,Cryptocurrency,42073.99,EUR,3,True,True,5,True,False,False,0.5576679572529737,True,"Unusual Transaction Time, Multiple Currency Conversions, Cross-border Transaction (Netherlands to India)","{'current_amount': 42073.99, 'avg_amount': 54349.425513, 'amount_diff_percent': -22.586136646584805, 'current_velocity': 3, 'avg_velocity': 2.9513, 'velocity_diff_percent': 1.6501202859756783}"
b34eea4c-7009-483f-a442-d24e8be9ddaa,2024-06-14,11:37:07,ef44f111-918f-4bce-8a72-298faa130c03,4a9a6504-fed5-40f5-9fec-4f261b0a581a,Netherlands,Australia,Cryptocurrency,157234.64,EUR,5,True,False,1,True,False,False,0.6383735441356763,True,"High Transaction Amount ($157234.64, 2.9x average), High Transaction Velocity (5.00, 1.7x average), Unusual Transaction Time, Cross-border Transaction (Netherlands to Australia)","{'current_amount': 157234.64, 'avg_amount': 54349.425513, 'amount_diff_percent': 189.30322356837166, 'current_velocity': 5, 'avg_velocity': 2.9513, 'velocity_diff_percent': 69.41686714329279}"
acaaf71e-35fc-4ad2-b52b-f8b9c130511d,2024-09-06,07:13:13,ea4ebb47-513b-41cc-9140-0db580a61c8a,257136de-93d9-4a9e-97a5-64eac2c3250f,India,Japan,Payoneer,75155.96,INR,8,True,True,3,True,False,False,0.5765482058845103,True,"High Transaction Velocity (8.00, 2.7x average), Unusual Transaction Time, Multiple Currency Conversions, Cross-border Transaction (India to Japan)","{'current_amount': 75155.96, 'avg_amount': 54349.425513, 'amount_diff_percent': 38.28289681189588, 'current_velocity': 8, 'avg_velocity': 2.9513, 'velocity_diff_percent': 171.06698742926847}"
27655165-f22b-4caa-ac18-207b1031e61d,2024-01-29,18:49:02,219958a1-8ba6-4d57-8521-9e3a69e2a918,f3023886-d35d-43b5-83a7-cfcedfa7cf9e,USA,India,UPI,182989.36,USD,7,True,False,5,True,False,False,0.8018730540901083,True,"High Transaction Amount ($182989.36, 3.4x average), High Transaction Velocity (7.00, 2.4x average), Unusual Transaction Time, Cross-border Transaction (USA to India)","{'current_amount': 182989.36, 'avg_amount': 54349.425513, 'amount_diff_percent': 236.69051378699527, 'current_velocity': 7, 'avg_velocity': 2.9513, 'velocity_diff_percent': 137.1836140006099}"
2e574d76-1157-49ab-82e1-3b9936132d81,2024-08-21,21:40:12,fcfcae12-1409-430e-9f9c-ebcc3060d9f7,d6f11f56-a2cc-4dd5-9bea-bc5549a6f4e6,Germany,India,Skrill,141096.99,EUR,3,False,False,4,True,False,False,0.631142947319446,True,"High Transaction Amount ($141096.99, 2.6x average), Cross-border Transaction (Germany to India)","{'current_amount': 141096.99, 'avg_amount': 54349.425513, 'amount_diff_percent': 159.61082139911596, 'current_velocity': 3, 'avg_velocity': 2.9513, 'velocity_diff_percent': 1.6501202859756783}"
f656a8b4-bcde-4d2f-8fc2-007c7795b4ef,2024-06-28,21:37:23,4207ce2b-d387-46ac-b70d-9e57ab47d170,34bd40c4-1ac7-4173-9adf-014cbb536b2e,Brazil,France,Skrill,180408.21,BRL,6,False,False,6,True,False,False,0.7724895158235473,True,"High Transaction Amount ($180408.21, 3.3x average), High Transaction Velocity (6.00, 2.0x average), Cross-border Transaction (Brazil to France)","{'current_amount': 180408.21, 'avg_amount': 54349.425513, 'amount_diff_percent': 231.9413375525885, 'current_velocity': 6, 'avg_velocity': 2.9513, 'velocity_diff_percent': 103.30024057195135}"
9753324b-049d-4137-9050-47cbb318a2e9,2024-04-19,11:09:12,688ff2c5-0447-46b7-b014-aa4cbf94cc35,6db93975-cd8f-406b-b21b-74a0a18f542c,UK,USA,Payoneer,100182.48,GBP,14,True,False,4,True,False,False,0.7278929776982862,True,"High Transaction Amount ($100182.48, 1.8x average), High Transaction Velocity (14.00, 4.7x average), Unusual Transaction Time, Cross-border Transaction (UK to USA)","{'current_amount': 100182.48, 'avg_amount': 54349.425513, 'amount_diff_percent': 84.33033846151152, 'current_velocity': 14, 'avg_velocity': 2.9513, 'velocity_diff_percent': 374.3672280012198}"
565ed91a-62fb-40d9-9b5e-55b801b08ad8,2023-11-13,10:09:02,b0a5e324-4a02-4779-9e06-5638e23cf49a,4b1d09dd-9a27-42cd-81b6-8f54df4a8fa5,France,UK,UPI,180168.58,EUR,7,False,False,8,True,False,False,0.5916641195977411,True,"High Transaction Amount ($180168.58, 3.3x average), High Transaction Velocity (7.00, 2.4x average), Cross-border Transaction (France to UK)","{'current_amount': 180168.58, 'avg_amount': 54349.425513, 'amount_diff_percent': 231.50043132821142, 'current_velocity': 7, 'avg_velocity': 2.9513, 'velocity_diff_percent': 137.1836140006099}"
fd3cb5ed-b8e8-49ff-945e-a10b737f965b,2024-05-14,04:04:53,476e18ae-83ab-4429-a1a3-069312a4e4c9,1bb53f49-d8bb-4bbe-ac75-6967c2c5349a,Australia,UK,Payoneer,84896.58,AUD,3,True,True,5,True,False,False,0.5053924956115378,True,"High Transaction Amount ($84896.58, 1.6x average), Unusual Transaction Time, Multiple Currency Conversions, Cross-border Transaction (Australia to UK)","{'current_amount': 84896.58, 'avg_amount': 54349.425513, 'amount_diff_percent': 56.20511017120749, 'current_velocity': 3, 'avg_velocity': 2.9513, 'velocity_diff_percent': 1.6501202859756783}"
3a3bb121-e6cd-4389-9465-cb1534554149,2024-09-18,10:52:56,83bfe725-76a6-4b2b-8086-b9f3ceec246f,9aef2f03-3139-4cda-a350-290b3cab1cf9,UK,USA,PayPal,931.34,GBP,11,False,False,3,True,False,False,0.529836196022569,True,"High Transaction Velocity (11.00, 3.7x average), Cross-border Transaction (UK to USA)","{'current_amount': 931.34, 'avg_amount': 54349.425513, 'amount_diff_percent': -98.28638483073344, 'current_velocity': 11, 'avg_velocity': 2.9513, 'velocity_diff_percent': 272.71710771524414}"
90879bbd-143a-4a7a-9386-2a59373415f8,2024-02-29,01:05:16,56ffe6a0-4d44-43b8-af4c-20dc19e05e94,71a14ff9-7b03-421b-b678-78910e02ee7f,USA,Brazil,Skrill,149325.12,USD,2,True,True,4,True,False,False,0.8186088416355443,True,"High Transaction Amount ($149325.12, 2.7x average), Unusual Transaction Time, Multiple Currency Conversions, Cross-border Transaction (USA to Brazil)","{'current_amount': 149325.12, 'avg_amount': 54349.425513, 'amount_diff_percent': 174.75013505760512, 'current_velocity': 2, 'avg_velocity': 2.9513, 'velocity_diff_percent': -32.233253142682884}"
93795de6-a7ba-4361-ad65-5db2d707fbeb,2024-09-15,21:48:14,065f824f-aebf-4875-8bfa-cb7aa3d01a49,7b16429f-b357-4373-b5b7-fcc4007fe98b,Canada,Japan,Skrill,33580.63,CAD,11,False,True,2,False,True,False,0.5065878929110039,True,"High Transaction Velocity (11.00, 3.7x average), Multiple Currency Conversions, Cross-border Transaction (Canada to Japan), Known Fraudster Involved","{'current_amount': 33580.63, 'avg_amount': 54349.425513, 'amount_diff_percent': -38.21345914324753, 'current_velocity': 11, 'avg_velocity': 2.9513, 'velocity_diff_percent': 272.71710771524414}"
411e25e1-4edd-4679-81a6-d259d1eaecf2,2024-02-25,13:29:26,6d9c1d55-04e5-4656-9392-7d861b07285e,1e8ee575-db19-43e6-b000-42c44b32c01f,India,Australia,bank transfer,116611.64,INR,4,False,False,4,True,False,False,0.7182095596079533,True,"High Transaction Amount ($116611.64, 2.1x average), Cross-border Transaction (India to Australia)","{'current_amount': 116611.64, 'avg_amount': 54349.425513, 'amount_diff_percent': 114.5591032459162, 'current_velocity': 4, 'avg_velocity': 2.9513, 'velocity_diff_percent': 35.53349371463424}"
a01e2eca-3513-41d5-91cd-456c91571623,2024-05-18,03:55:40,0a952afa-84bb-4498-ba0e-8ccc22bc409b,dab7da32-2fd5-463d-a9be-e686db23cf50,India,Germany,Skrill,134971.35,INR,6,False,False,0,True,False,False,0.7515911074016485,True,"High Transaction Amount ($134971.35, 2.5x average), High Transaction Velocity (6.00, 2.0x average), Cross-border Transaction (India to Germany)","{'current_amount': 134971.35, 'avg_amount': 54349.425513, 'amount_diff_percent': 148.3399754937903, 'current_velocity': 6, 'avg_velocity': 2.9513, 'velocity_diff_percent': 103.30024057195135}"
9998d3fa-ff8a-4afc-b9bf-fe56617279c1,2024-06-05,14:43:21,62a0a597-fc92-4b99-8c1b-9a5455993572,29e08ba3-5df9-402b-aeb4-3009b39b216a,UK,Japan,Cryptocurrency,186009.85,GBP,5,True,True,3,True,False,False,0.7519511602454605,True,"High Transaction Amount ($186009.85, 3.4x average), High Transaction Velocity (5.00, 1.7x average), Unusual Transaction Time, Multiple Currency Conversions, Cross-border Transaction (UK to Japan)","{'current_amount': 186009.85, 'avg_amount': 54349.425513, 'amount_diff_percent': 242.2480518317673, 'current_velocity': 5, 'avg_velocity': 2.9513, 'velocity_diff_percent': 69.41686714329279}"
c84d03ac-6fe7-4aef-877d-c2f4dbbeffa0,2024-01-08,12:31:34,7bd5ebd7-e56a-45c0-8bda-aa3216fe8221,14a253e6-f4c1-4413-aa31-69dfb467f5ed,Australia,USA,bank transfer,191961.31,AUD,7,True,False,4,True,False,False,0.7743232564458079,True,"High Transaction Amount ($191961.31, 3.5x average), High Transaction Velocity (7.00, 2.4x average), Unusual Transaction Time, Cross-border Transaction (Australia to USA)","{'current_amount': 191961.31, 'avg_amount': 54349.425513, 'amount_diff_percent': 253.1984159686917, 'current_velocity': 7, 'avg_velocity': 2.9513, 'velocity_diff_percent': 137.1836140006099}"
595e0041-c394-4dd9-8db1-a942d93a7a6a,2024-05-04,03:36:41,559fae95-cd06-4cf3-80ab-ee9bfbb3cfff,f791c3ca-1d9f-415e-bf1b-3b07d7c65922,Canada,Brazil,PayPal,151525.38,CAD,6,False,False,0,True,False,False,0.7888569934790718,True,"High Transaction Amount ($151525.38, 2.8x average), High Transaction Velocity (6.00, 2.0x average), Cross-border Transaction (Canada to Brazil)","{'current_amount': 151525.38, 'avg_amount': 54349.425513, 'amount_diff_percent': 178.79849431666247, 'current_velocity': 6, 'avg_velocity': 2.9513, 'velocity_diff_percent': 103.30024057195135}"
f5e87320-7223-4d63-a5c5-37cc5f56d9a6,2024-04-06,19:06:20,5170cc2c-efa5-4e27-af12-a24612f7186e,88ed423b-5c15-414a-aeac-b9beda99e3e3,India,Brazil,Cryptocurrency,61912.2,INR,15,True,True,5,True,False,False,0.6568840645969439,True,"High Transaction Velocity (15.00, 5.1x average), Unusual Transaction Time, Multiple Currency Conversions, Cross-border Transaction (India to Brazil)","{'current_amount': 61912.2, 'avg_amount': 54349.425513, 'amount_diff_percent': 13.915095542621755, 'current_velocity': 15, 'avg_velocity': 2.9513, 'velocity_diff_percent': 408.2506014298784}"
dd278396-3f8d-4228-86d9-63f87b7e6454,2023-12-05,20:21:47,611fe070-3893-4e63-a00e-c58d983558aa,7dce8a5e-47c2-40fc-81b3-71b25d43f9ab,UK,Japan,Skrill,141632.76,GBP,12,True,False,6,True,False,False,0.864349655370835,True,"High Transaction Amount ($141632.76, 2.6x average), High Transaction Velocity (12.00, 4.1x average), Unusual Transaction Time, Cross-border Transaction (UK to Japan)","{'current_amount': 141632.76, 'avg_amount': 54349.425513, 'amount_diff_percent': 160.59660918793418, 'current_velocity': 12, 'avg_velocity': 2.9513, 'velocity_diff_percent': 306.6004811439027}"
333682af-78c7-4ebd-ad16-a91f5f084033,2023-10-28,03:11:53,6fff8cf3-51f1-4b08-890d-39c32b95c3a8,50ca1639-f18d-45d2-ba1b-01d1e4f257e1,Brazil,UK,UPI,32758.33,BRL,7,False,False,0,True,False,False,0.5018151644127253,True,"High Transaction Velocity (7.00, 2.4x average), Cross-border Transaction (Brazil to UK)","{'current_amount': 32758.33, 'avg_amount': 54349.425513, 'amount_diff_percent': -39.726446616874654, 'current_velocity': 7, 'avg_velocity': 2.9513, 'velocity_diff_percent': 137.1836140006099}"
f58212f6-0e9c-49c9-be08-894656cfa929,2024-02-20,23:02:22,3553d9f3-e056-4218-999e-b32d5c6f95c9,d7dfe9d6-b3f9-4a35-b4de-4c268817054c,Australia,Netherlands,PayPal,151152.71,AUD,9,True,False,2,True,False,False,0.7717789248750019,True,"High Transaction Amount ($151152.71, 2.8x average), High Transaction Velocity (9.00, 3.0x average), Unusual Transaction Time, Cross-border Transaction (Australia to Netherlands)","{'current_amount': 151152.71, 'avg_amount': 54349.425513, 'amount_diff_percent': 178.11280169621173, 'current_velocity': 9, 'avg_velocity': 2.9513, 'velocity_diff_percent': 204.95036085792702}"
88124ccb-3d4b-4ffc-8834-02c0b02e1f7d,2024-04-07,17:14:20,4e7b593e-6784-4002-b31f-8190db72478b,42f6c346-a1e9-4c55-9fda-973337966e7a,Canada,Brazil,Skrill,6894.85,CAD,11,True,False,5,True,False,False,0.7372902046447442,True,"High Transaction Velocity (11.00, 3.7x average), Unusual Transaction Time, Cross-border Transaction (Canada to Brazil)","{'current_amount': 6894.85, 'avg_amount': 54349.425513, 'amount_diff_percent': -87.31384934629935, 'current_velocity': 11, 'avg_velocity': 2.9513, 'velocity_diff_percent': 272.71710771524414}"
614466b3-ccd9-4ff3-aef0-cd26fdf16336,2024-10-11,02:52:15,1ae71181-c740-4a66-a39a-a1bb4804f1ac,73803765-62f5-4ff9-afa8-a349d62f1e03,USA,Netherlands,Payoneer,67116.71,USD,5,False,False,4,True,False,False,0.5357655924051722,True,"High Transaction Velocity (5.00, 1.7x average), Cross-border Transaction (USA to Netherlands)","{'current_amount': 67116.71, 'avg_amount': 54349.425513, 'amount_diff_percent': 23.49111212582396, 'current_velocity': 5, 'avg_velocity': 2.9513, 'velocity_diff_percent': 69.41686714329279}"
5af27e27-235d-46d1-99dd-c1dc5ac54cfb,2024-02-18,23:49:37,c223c0ee-1ecd-424e-ad10-c6d8be40cd05,159db2cf-c9b5-4ebf-b420-49896423e37e,Australia,France,Cryptocurrency,168577.28,AUD,8,False,False,4,True,False,False,0.8309955915383364,True,"High Transaction Amount ($168577.28, 3.1x average), High Transaction Velocity (8.00, 2.7x average), Cross-border Transaction (Australia to France)","{'current_amount': 168577.28, 'avg_amount': 54349.425513, 'amount_diff_percent': 210.17306698058383, 'current_velocity': 8, 'avg_velocity': 2.9513, 'velocity_diff_percent': 171.06698742926847}"
7648618d-0d8c-4d5f-9aba-3a11dc1ac064,2024-02-24,08:28:23,abe12c55-410a-42c9-ad85-4bdb0f756c43,f8fa4097-2593-4ab8-b81d-ea69a6f0f579,Japan,Japan,UPI,147002.57,JPY,8,False,False,1,True,False,False,0.780858341509792,True,"High Transaction Amount ($147002.57, 2.7x average), High Transaction Velocity (8.00, 2.7x average)","{'current_amount': 147002.57, 'avg_amount': 54349.425513, 'amount_diff_percent': 170.476768820377, 'current_velocity': 8, 'avg_velocity': 2.9513, 'velocity_diff_percent': 171.06698742926847}"
34120388-dc2d-4923-9236-e88d5b457b27,2024-07-12,02:03:24,fff7b0f5-580b-4c17-a230-17ecde0179f5,869ee200-91d5-4216-9bab-ef96172c8b66,UK,Germany,Cryptocurrency,126088.66,GBP,9,False,False,3,True,False,False,0.6509108903450942,True,"High Transaction Amount ($126088.66, 2.3x average), High Transaction Velocity (9.00, 3.0x average), Cross-border Transaction (UK to Germany)","{'current_amount': 126088.66, 'avg_amount': 54349.425513, 'amount_diff_percent': 131.9963068787921, 'current_velocity': 9, 'avg_velocity': 2.9513, 'velocity_diff_percent': 204.95036085792702}"
d188e955-822f-411f-9030-3a980998da32,2024-07-31,07:07:18,7d56707e-fe81-4d5b-8c39-3982990da356,dd52cdd2-dc6a-4ad3-bd11-cc59265683b8,Netherlands,Canada,Skrill,193486.3,EUR,14,True,False,4,True,False,False,0.782647823536555,True,"High Transaction Amount ($193486.30, 3.6x average), High Transaction Velocity (14.00, 4.7x average), Unusual Transaction Time, Cross-border Transaction (Netherlands to Canada)","{'current_amount': 193486.3, 'avg_amount': 54349.425513, 'amount_diff_percent': 256.004314992657, 'current_velocity': 14, 'avg_velocity': 2.9513, 'velocity_diff_percent': 374.3672280012198}"
1db1c746-4b03-4603-adfa-d31c673d5864,2024-10-12,00:59:44,0ecdc137-e85d-4a2b-8833-5ac3a7b8d1a6,435e2609-9467-4a66-8f06-7a5ba0cdca44,France,Brazil,PayPal,82903.99,EUR,10,True,False,7,True,False,False,0.7848623809413529,True,"High Transaction Amount ($82903.99, 1.5x average), High Transaction Velocity (10.00, 3.4x average), Unusual Transaction Time, Cross-border Transaction (France to Brazil)","{'current_amount': 82903.99, 'avg_amount': 54349.425513, 'amount_diff_percent': 52.53885246711568, 'current_velocity': 10, 'avg_velocity': 2.9513, 'velocity_diff_percent': 238.8337342865856}"
e73b9333-d28b-4d2e-b17f-8c1c9c701bf1,2024-02-25,05:25:52,cd8fdc8c-724d-4029-8749-43d440b6bf45,63ab2027-b372-4ef5-a392-485154dc8f92,Australia,Australia,Payoneer,19679.44,AUD,10,True,False,3,True,False,False,0.6481183257714151,True,"High Transaction Velocity (10.00, 3.4x average), Unusual Transaction Time","{'current_amount': 19679.44, 'avg_amount': 54349.425513, 'amount_diff_percent': -63.79089601362426, 'current_velocity': 10, 'avg_velocity': 2.9513, 'velocity_diff_percent': 238.8337342865856}"
065d6d98-a4db-4641-8c2c-8ae0a5410940,2024-03-02,06:36:22,12b76d7c-2f55-49b0-ab4d-d7988043164f,9a9036d3-69f4-478d-b5a3-6047c5c59a9b,Netherlands,Brazil,bank transfer,172790.08,EUR,9,True,False,0,True,False,False,0.7173567680103798,True,"High Transaction Amount ($172790.08, 3.2x average), High Transaction Velocity (9.00, 3.0x average), Unusual Transaction Time, Cross-border Transaction (Netherlands to Brazil)","{'current_amount': 172790.08, 'avg_amount': 54349.425513, 'amount_diff_percent': 217.9243908634689, 'current_velocity': 9, 'avg_velocity': 2.9513, 'velocity_diff_percent': 204.95036085792702}"
35f75486-1bd0-4f64-87e1-e098d196a6b2,2023-11-29,01:08:47,b86a260b-7a6c-485f-8525-467b5134e000,10ecc7fa-892a-4f79-984c-cb1869052834,Germany,Canada,Cryptocurrency,91645.86,EUR,12,True,True,4,True,False,False,0.7583708088851013,True,"High Transaction Amount ($91645.86, 1.7x average), High Transaction Velocity (12.00, 4.1x average), Unusual Transaction Time, Multiple Currency Conversions, Cross-border Transaction (Germany to Canada)","{'current_amount': 91645.86, 'avg_amount': 54349.425513, 'amount_diff_percent': 68.62341990731615, 'current_velocity': 12, 'avg_velocity': 2.9513, 'velocity_diff_percent': 306.6004811439027}"
b8fb4c6c-f6e2-4fe1-8208-538e4f049d1c,2024-02-04,13:46:33,f384f0bf-b80d-4d5c-b2bf-890d1095564a,f08bac66-ee4e-4c2d-8f1b-b2e9c8bcb6fc,Japan,Canada,Cryptocurrency,87068.57,JPY,10,True,False,3,True,False,False,0.7349248498341475,True,"High Transaction Amount ($87068.57, 1.6x average), High Transaction Velocity (10.00, 3.4x average), Unusual Transaction Time, Cross-border Transaction (Japan to Canada)","{'current_amount': 87068.57, 'avg_amount': 54349.425513, 'amount_diff_percent': 60.20145416104502, 'current_velocity': 10, 'avg_velocity': 2.9513, 'velocity_diff_percent': 238.8337342865856}"
99e9aa06-a63d-4e5d-b962-6672de156fa2,2024-07-14,07:48:51,d34e47a2-9469-4d93-ab73-a31b9ca8d481,d8490f31-23ab-4c38-a634-02c3f9cf3966,Japan,Germany,bank transfer,33458.83,JPY,8,True,True,1,True,False,False,0.6200174624529242,True,"High Transaction Velocity (8.00, 2.7x average), Unusual Transaction Time, Multiple Currency Conversions, Cross-border Transaction (Japan to Germany)","{'current_amount': 33458.83, 'avg_amount': 54349.425513, 'amount_diff_percent': -38.43756454795113, 'current_velocity': 8, 'avg_velocity': 2.9513, 'velocity_diff_percent': 171.06698742926847}"
f59ea236-4fb7-4634-8a95-f796c8b6b40c,2024-03-26,00:15:14,010a3e51-d228-4af2-9e32-3bc448f26ecd,b012287e-c8c1-4634-a8f7-7e7e54af3111,Brazil,Japan,bank transfer,20928.46,BRL,9,True,False,2,True,False,False,0.5745676431615004,True,"High Transaction Velocity (9.00, 3.0x average), Unusual Transaction Time, Cross-border Transaction (Brazil to Japan)","{'current_amount': 20928.46, 'avg_amount': 54349.425513, 'amount_diff_percent': -61.49276684627686, 'current_velocity': 9, 'avg_velocity': 2.9513, 'velocity_diff_percent': 204.95036085792702}"
3c8b0ba1-3e66-4abe-8ac0-67f9e689e6a0,2024-01-16,05:20:34,a99fe000-5277-4d35-8f50-86acaa6ae4ae,a710d852-84a8-434d-a1a0-7d1afff73491,Australia,Japan,bank transfer,156371.95,AUD,7,False,False,2,True,False,False,0.8038593150871673,True,"High Transaction Amount ($156371.95, 2.9x average), High Transaction Velocity (7.00, 2.4x average), Cross-border Transaction (Australia to Japan)","{'current_amount': 156371.95, 'avg_amount': 54349.425513, 'amount_diff_percent': 187.71592068180544, 'current_velocity': 7, 'avg_velocity': 2.9513, 'velocity_diff_percent': 137.1836140006099}"
337475e7-08dd-4fe3-b958-7e0cc85b8f38,2024-06-09,17:49:14,6eb774ef-255c-4f37-9023-2fd8662d3860,ada85a98-2d3c-4a93-a9bc-9cf78204820c,Japan,France,Cryptocurrency,193018.86,JPY,8,False,True,2,True,False,False,0.723630650492543,True,"High Transaction Amount ($193018.86, 3.6x average), High Transaction Velocity (8.00, 2.7x average), Multiple Currency Conversions, Cross-border Transaction (Japan to France)","{'current_amount': 193018.86, 'avg_amount': 54349.425513, 'amount_diff_percent': 255.14425070386665, 'current_velocity': 8, 'avg_velocity': 2.9513, 'velocity_diff_percent': 171.06698742926847}"
0ac28cc6-1678-4285-b569-5728fa34e089,2024-02-27,10:54:14,17441fef-a6a4-4765-ae82-4d32279586f7,2a58b9d9-6617-4599-b797-5a5fee7a4bb3,Canada,France,Payoneer,52507.55,CAD,6,True,True,1,True,False,False,0.6009092184659892,True,"High Transaction Velocity (6.00, 2.0x average), Unusual Transaction Time, Multiple Currency Conversions, Cross-border Transaction (Canada to France)","{'current_amount': 52507.55, 'avg_amount': 54349.425513, 'amount_diff_percent': -3.388951208986442, 'current_velocity': 6, 'avg_velocity': 2.9513, 'velocity_diff_percent': 103.30024057195135}"
15dccdea-0dc0-4dd4-a737-c29be09b231e,2024-04-24,21:24:18,10f34fad-bae5-441a-887d-1c9ae25d1053,7c1d24e7-2d93-42b9-9be1-acca3dc58df1,Germany,Netherlands,UPI,84121.68,EUR,7,False,False,5,True,False,False,0.6877164114982987,True,"High Transaction Amount ($84121.68, 1.5x average), High Transaction Velocity (7.00, 2.4x average), Cross-border Transaction (Germany to Netherlands)","{'current_amount': 84121.68, 'avg_amount': 54349.425513, 'amount_diff_percent': 54.77933613093789, 'current_velocity': 7, 'avg_velocity': 2.9513, 'velocity_diff_percent': 137.1836140006099}"
9e69ad66-fe96-4f28-ae1f-c9eaa5af54f5,2024-06-04,11:31:52,648d7259-ef0c-4e5d-899f-aed29de606bd,11cdd38c-13d3-4a08-ac80-e24db45780e3,France,Netherlands,PayPal,195645.19,EUR,8,True,True,4,True,False,False,0.7934945017798772,True,"High Transaction Amount ($195645.19, 3.6x average), High Transaction Velocity (8.00, 2.7x average), Unusual Transaction Time, Multiple Currency Conversions, Cross-border Transaction (France to Netherlands)","{'current_amount': 195645.19, 'avg_amount': 54349.425513, 'amount_diff_percent': 259.9765556918408, 'current_velocity': 8, 'avg_velocity': 2.9513, 'velocity_diff_percent': 171.06698742926847}"
121a2a79-92cc-4dca-8a4a-9b1037f8cade,2024-05-01,22:15:21,e51f6c72-9a9a-4ffb-963f-87b945ff0436,8db017e2-13e8-40bd-aee3-b92a09245398,Canada,France,PayPal,147161.88,CAD,7,True,False,0,False,False,True,0.5849877792109132,True,"High Transaction Amount ($147161.88, 2.7x average), High Transaction Velocity (7.00, 2.4x average), Unusual Transaction Time, Cross-border Transaction (Canada to France)","{'current_amount': 147161.88, 'avg_amount': 54349.425513, 'amount_diff_percent': 170.7698905939676, 'current_velocity': 7, 'avg_velocity': 2.9513, 'velocity_diff_percent': 137.1836140006099}"
04c730d7-f344-4eb7-858b-c751af107091,2024-10-11,18:12:41,18060be3-6605-41fe-8ab0-6e4b75f90780,2d47c63e-7961-47db-b2fc-d2edf9f78138,USA,Canada,Cryptocurrency,141250.63,USD,10,True,True,0,True,False,False,0.7284280818434646,True,"High Transaction Amount ($141250.63, 2.6x average), High Transaction Velocity (10.00, 3.4x average), Unusual Transaction Time, Multiple Currency Conversions, Cross-border Transaction (USA to Canada)","{'current_amount': 141250.63, 'avg_amount': 54349.425513, 'amount_diff_percent': 159.893510679729, 'current_velocity': 10, 'avg_velocity': 2.9513, 'velocity_diff_percent': 238.8337342865856}"
94bd283a-13f8-4f92-8f43-c172ddb244c5,2023-11-11,11:26:38,9b460546-2373-4ebf-b866-854349c4fd0f,25f5a43f-8ede-4361-89ce-56b71438f700,France,France,PayPal,5170.7,EUR,16,True,False,0,True,False,False,0.5787355972538127,True,"High Transaction Velocity (16.00, 5.4x average), Unusual Transaction Time","{'current_amount': 5170.7, 'avg_amount': 54349.425513, 'amount_diff_percent': -90.48619198603451, 'current_velocity': 16, 'avg_velocity': 2.9513, 'velocity_diff_percent': 442.13397485853693}"
f78c8ebe-69eb-4f5d-8afa-b53b733fb6d9,2024-04-20,17:22:24,2d612edb-754a-415f-9dd6-d3e5ea4bda7b,35113a32-e3b1-44f7-83aa-d5c685b7ccc8,Netherlands,UK,Payoneer,54115.23,EUR,9,True,False,3,True,False,False,0.6435572943534251,True,"High Transaction Velocity (9.00, 3.0x average), Unusual Transaction Time, Cross-border Transaction (Netherlands to UK)","{'current_amount': 54115.23, 'avg_amount': 54349.425513, 'amount_diff_percent': -0.43090706256679906, 'current_velocity': 9, 'avg_velocity': 2.9513, 'velocity_diff_percent': 204.95036085792702}"
c7762ea9-1e55-4999-a2f3-b9dd2a577f96,2024-07-23,09:38:34,f36485db-9d4b-4923-86d2-896f0d09fc4a,42409c76-08e1-4ee6-8133-a3e2d921fc34,Australia,Germany,PayPal,120194.21,AUD,12,False,False,2,True,False,False,0.7715274792437817,True,"High Transaction Amount ($120194.21, 2.2x average), High Transaction Velocity (12.00, 4.1x average), Cross-border Transaction (Australia to Germany)","{'current_amount': 120194.21, 'avg_amount': 54349.425513, 'amount_diff_percent': 121.15083805485742, 'current_velocity': 12, 'avg_velocity': 2.9513, 'velocity_diff_percent': 306.6004811439027}"
310f3feb-03f2-4076-9c3c-3afec82a5784,2024-09-14,17:58:33,76a13161-7ce9-4701-ad53-59fd62efa46d,395beffc-d912-4eb5-8ef7-408669511489,USA,Brazil,Cryptocurrency,141921.92,USD,16,False,False,1,True,False,False,0.6863095343114419,True,"High Transaction Amount ($141921.92, 2.6x average), High Transaction Velocity (16.00, 5.4x average), Cross-border Transaction (USA to Brazil)","{'current_amount': 141921.92, 'avg_amount': 54349.425513, 'amount_diff_percent': 161.1286479303324, 'current_velocity': 16, 'avg_velocity': 2.9513, 'velocity_diff_percent': 442.13397485853693}"
cc54bb23-bfde-4048-9cea-1ebcb4c6683a,2024-03-14,21:06:58,80883045-df6a-48b7-b600-fcda383d14d2,3f6d4df2-bff8-451f-8b3b-403f6e372c6f,Canada,Canada,UPI,82191.19,CAD,8,True,False,4,True,False,False,0.7214945114404432,True,"High Transaction Amount ($82191.19, 1.5x average), High Transaction Velocity (8.00, 2.7x average), Unusual Transaction Time","{'current_amount': 82191.19, 'avg_amount': 54349.425513, 'amount_diff_percent': 51.227339064219635, 'current_velocity': 8, 'avg_velocity': 2.9513, 'velocity_diff_percent': 171.06698742926847}"
942eb04b-3eeb-4da0-be4a-72c9a62b6156,2024-09-08,13:41:39,4affd387-84f9-4a9f-9420-9aaa0951a390,d13b02b2-6c5f-4c0e-8143-0e0ab2cb2b35,France,Netherlands,Cryptocurrency,89093.85,EUR,7,False,False,4,True,False,False,0.6864380858584682,True,"High Transaction Amount ($89093.85, 1.6x average), High Transaction Velocity (7.00, 2.4x average), Cross-border Transaction (France to Netherlands)","{'current_amount': 89093.85, 'avg_amount': 54349.425513, 'amount_diff_percent': 63.927859695019926, 'current_velocity': 7, 'avg_velocity': 2.9513, 'velocity_diff_percent': 137.1836140006099}"
b3fb638d-8504-465c-9674-c29fb9aa8634,2023-12-08,05:20:56,52e0797a-6e39-40cd-b651-9e0611a4f140,70a33992-5165-4ada-ab0f-1f5c59ffd411,Brazil,Japan,bank transfer,41928.18,BRL,7,True,False,0,True,False,False,0.5837561202755847,True,"High Transaction Velocity (7.00, 2.4x average), Unusual Transaction Time, Cross-border Transaction (Brazil to Japan)","{'current_amount': 41928.18, 'avg_amount': 54349.425513, 'amount_diff_percent': -22.85441915118114, 'current_velocity': 7, 'avg_velocity': 2.9513, 'velocity_diff_percent': 137.1836140006099}"
117169de-58df-4827-95ca-6a7fe02a5254,2024-04-18,16:38:42,1d76a72e-c319-48cd-8c59-1cc48ee3eb1d,2921b53e-38b9-4f2e-b9d3-4cd5299e89f1,France,UK,Cryptocurrency,89664.19,EUR,12,True,True,4,True,False,False,0.7109113931099453,True,"High Transaction Amount ($89664.19, 1.6x average), High Transaction Velocity (12.00, 4.1x average), Unusual Transaction Time, Multiple Currency Conversions, Cross-border Transaction (France to UK)","{'current_amount': 89664.19, 'avg_amount': 54349.425513, 'amount_diff_percent': 64.9772544119219, 'current_velocity': 12, 'avg_velocity': 2.9513, 'velocity_diff_percent': 306.6004811439027}"
fcff2d3d-351f-446b-a766-05ff0e892cb6,2024-08-13,13:28:41,2df8f89a-b0b5-4881-9ace-4bb06d399e23,7d5c4ab9-0b69-48a2-8327-1934e3f29d81,France,Canada,PayPal,143266.85,EUR,10,True,True,1,True,False,False,0.7599537959979143,True,"High Transaction Amount ($143266.85, 2.6x average), High Transaction Velocity (10.00, 3.4x average), Unusual Transaction Time, Multiple Currency Conversions, Cross-border Transaction (France to Canada)","{'current_amount': 143266.85, 'avg_amount': 54349.425513, 'amount_diff_percent': 163.60324630428997, 'current_velocity': 10, 'avg_velocity': 2.9513, 'velocity_diff_percent': 238.8337342865856}"
5a6de3d3-2243-43b9-ab2a-d01e496ac4cd,2024-02-11,17:01:36,b7c714f9-7677-44e3-a226-3a8c1f9cd97a,3702aeef-db47-4254-92a8-1dde432d9119,India,Australia,PayPal,194699.23,INR,7,False,False,1,True,False,False,0.6922863086477691,True,"High Transaction Amount ($194699.23, 3.6x average), High Transaction Velocity (7.00, 2.4x average), Cross-border Transaction (India to Australia)","{'current_amount': 194699.23, 'avg_amount': 54349.425513, 'amount_diff_percent': 258.2360405142265, 'current_velocity': 7, 'avg_velocity': 2.9513, 'velocity_diff_percent': 137.1836140006099}"
9af85004-a1d6-4518-ac23-97c4fdf5d465,2024-10-12,13:18:11,1b6ba759-4c85-4208-9aae-cb1550263f41,b0855888-1235-4797-a4da-521a05222dc7,Australia,Brazil,Skrill,76958.43,AUD,10,True,False,3,True,False,False,0.7285680924888807,True,"High Transaction Velocity (10.00, 3.4x average), Unusual Transaction Time, Cross-border Transaction (Australia to Brazil)","{'current_amount': 76958.43, 'avg_amount': 54349.425513, 'amount_diff_percent': 41.59934401071466, 'current_velocity': 10, 'avg_velocity': 2.9513, 'velocity_diff_percent': 238.8337342865856}"
e9f25579-9dd7-4d9c-a4f3-4f7a7781e9e4,2024-02-23,21:49:08,eb5472b0-4b7b-42be-b330-2f4698de75bb,2881f4da-cde5-4ba8-bf19-2c7b6f09ce82,Germany,Netherlands,UPI,153731.37,EUR,8,True,False,5,True,False,False,0.7625388118673213,True,"High Transaction Amount ($153731.37, 2.8x average), High Transaction Velocity (8.00, 2.7x average), Unusual Transaction Time, Cross-border Transaction (Germany to Netherlands)","{'current_amount': 153731.37, 'avg_amount': 54349.425513, 'amount_diff_percent': 182.85739646544846, 'current_velocity': 8, 'avg_velocity': 2.9513, 'velocity_diff_percent': 171.06698742926847}"
2847e2d9-bd42-400a-a2b1-9589c885fbb9,2024-05-10,15:55:39,e4abd64a-d8e8-4f61-b17f-78d744cd2320,d2a6f881-5b0b-4b00-8ed8-f81ceabdb449,Canada,France,bank transfer,189571.1,CAD,7,False,True,0,True,False,False,0.8084603682135055,True,"High Transaction Amount ($189571.10, 3.5x average), High Transaction Velocity (7.00, 2.4x average), Multiple Currency Conversions, Cross-border Transaction (Canada to France)","{'current_amount': 189571.1, 'avg_amount': 54349.425513, 'amount_diff_percent': 248.8005589951561, 'current_velocity': 7, 'avg_velocity': 2.9513, 'velocity_diff_percent': 137.1836140006099}"
255dc8a6-948b-4453-b25e-d8e5108fae7b,2023-11-15,23:32:55,e1fd9074-4ae3-465c-80ab-b8e4eb004645,bea0e0c5-51eb-4218-b0ef-f6c6665ba3fc,Netherlands,Japan,Payoneer,38798.6,EUR,7,True,False,1,True,False,False,0.5662090093458784,True,"High Transaction Velocity (7.00, 2.4x average), Unusual Transaction Time, Cross-border Transaction (Netherlands to Japan)","{'current_amount': 38798.6, 'avg_amount': 54349.425513, 'amount_diff_percent': -28.61267688888515, 'current_velocity': 7, 'avg_velocity': 2.9513, 'velocity_diff_percent': 137.1836140006099}"
5cbc5a46-3576-44a1-9501-15c4ba682707,2024-07-16,19:54:25,90b8717e-5f5f-4747-8d91-3f2773bc0aec,b8c189b4-2cd8-4580-a2bc-9161086e5880,Germany,UK,Payoneer,49215.59,EUR,7,True,False,2,True,False,False,0.5818393280420435,True,"High Transaction Velocity (7.00, 2.4x average), Unusual Transaction Time, Cross-border Transaction (Germany to UK)","{'current_amount': 49215.59, 'avg_amount': 54349.425513, 'amount_diff_percent': -9.445979354044926, 'current_velocity': 7, 'avg_velocity': 2.9513, 'velocity_diff_percent': 137.1836140006099}"
599c06d1-542c-4be8-b516-9fbd228f262f,2024-02-29,20:16:43,2c57b82a-7b7a-417c-9e66-d093b2128471,2c632aff-08d8-428a-938f-1e247589ab31,Australia,Canada,UPI,124870.62,AUD,12,False,False,3,True,False,False,0.6725470642277116,True,"High Transaction Amount ($124870.62, 2.3x average), High Transaction Velocity (12.00, 4.1x average), Cross-border Transaction (Australia to Canada)","{'current_amount': 124870.62, 'avg_amount': 54349.425513, 'amount_diff_percent': 129.75517923392184, 'current_velocity': 12, 'avg_velocity': 2.9513, 'velocity_diff_percent': 306.6004811439027}"
33bdc862-9514-448a-a0a4-0367662c1aa2,2024-04-30,09:56:00,bedf19ae-b216-420d-b577-47cc39cf83d4,7ae54fac-3baf-4fdf-b9b6-e12f914d9f71,Netherlands,Japan,Cryptocurrency,115545.57,EUR,6,False,False,0,True,False,False,0.5981989533366624,True,"High Transaction Amount ($115545.57, 2.1x average), High Transaction Velocity (6.00, 2.0x average), Cross-border Transaction (Netherlands to Japan)","{'current_amount': 115545.57, 'avg_amount': 54349.425513, 'amount_diff_percent': 112.59759217208712, 'current_velocity': 6, 'avg_velocity': 2.9513, 'velocity_diff_percent': 103.30024057195135}"
75a98fc9-62f2-4707-9ba0-331a01c2a65d,2024-06-30,10:11:20,a4ddd4f2-2029-4477-bb76-3cf5122edda5,33369199-68e0-46c6-ab6f-d3874999b698,India,Germany,bank transfer,106492.96,INR,9,True,False,5,True,False,False,0.7469712927473527,True,"High Transaction Amount ($106492.96, 2.0x average), High Transaction Velocity (9.00, 3.0x average), Unusual Transaction Time, Cross-border Transaction (India to Germany)","{'current_amount': 106492.96, 'avg_amount': 54349.425513, 'amount_diff_percent': 95.94127995801472, 'current_velocity': 9, 'avg_velocity': 2.9513, 'velocity_diff_percent': 204.95036085792702}"
1c8b657b-18e7-41f9-85ca-3f2f660848df,2024-01-13,05:11:48,3a31854f-e1ca-4f5a-9ae6-71b6f43fb449,76e049cb-9f2c-4746-a839-a14072292ee2,Australia,Japan,UPI,132315.83,AUD,5,False,True,7,True,False,False,0.6854480068669375,True,"High Transaction Amount ($132315.83, 2.4x average), High Transaction Velocity (5.00, 1.7x average), Multiple Currency Conversions, Cross-border Transaction (Australia to Japan)","{'current_amount': 132315.83, 'avg_amount': 54349.425513, 'amount_diff_percent': 143.453962486413, 'current_velocity': 5, 'avg_velocity': 2.9513, 'velocity_diff_percent': 69.41686714329279}"
792adf3e-4ab0-46d1-a8e0-bbd3c9b8771a,2024-06-02,16:47:24,78f70815-f556-44e6-9226-6d8fd61c6c36,b4343a94-daca-449b-8720-1d4211b189f8,USA,Germany,PayPal,56058.86,USD,12,True,False,0,True,False,False,0.6561692756803602,True,"High Transaction Velocity (12.00, 4.1x average), Unusual Transaction Time, Cross-border Transaction (USA to Germany)","{'current_amount': 56058.86, 'avg_amount': 54349.425513, 'amount_diff_percent': 3.1452668926392127, 'current_velocity': 12, 'avg_velocity': 2.9513, 'velocity_diff_percent': 306.6004811439027}"
06b48654-e55b-470c-a316-e6c746dcaa27,2024-06-02,11:18:15,aa7e84ac-eb93-48f6-9ff6-58560826fb9c,c274a1d7-6861-43dc-ac67-0e664d1df4ea,USA,India,PayPal,28384.74,USD,4,False,False,6,True,False,False,0.5608120488174563,True,Cross-border Transaction (USA to India),"{'current_amount': 28384.74, 'avg_amount': 54349.425513, 'amount_diff_percent': -47.77361539321042, 'current_velocity': 4, 'avg_velocity': 2.9513, 'velocity_diff_percent': 35.53349371463424}"
bc73388b-a357-4b70-908b-285cd2e4606e,2024-10-16,02:56:51,8895d379-0385-4862-bf5b-e3ccca05554d,1e74ac2e-35a7-401f-a052-d24772e1a64e,Japan,UK,bank transfer,93774.39,JPY,9,False,True,3,True,False,False,0.6345704112307876,True,"High Transaction Amount ($93774.39, 1.7x average), High Transaction Velocity (9.00, 3.0x average), Multiple Currency Conversions, Cross-border Transaction (Japan to UK)","{'current_amount': 93774.39, 'avg_amount': 54349.425513, 'amount_diff_percent': 72.53979985045072, 'current_velocity': 9, 'avg_velocity': 2.9513, 'velocity_diff_percent': 204.95036085792702}"
9241aa8f-24ad-4674-b469-a98e89e3aa09,2024-03-02,17:46:17,1699a30c-60d7-439a-9c07-6f00f786c7a8,3c2587a8-c7ed-446c-ae03-5fca75324b50,UK,France,PayPal,114555.18,GBP,5,True,False,4,True,False,False,0.7666530807589139,True,"High Transaction Amount ($114555.18, 2.1x average), High Transaction Velocity (5.00, 1.7x average), Unusual Transaction Time, Cross-border Transaction (UK to France)","{'current_amount': 114555.18, 'avg_amount': 54349.425513, 'amount_diff_percent': 110.77532820029386, 'current_velocity': 5, 'avg_velocity': 2.9513, 'velocity_diff_percent': 69.41686714329279}"
c7350c5c-adce-4495-93de-9aab1d0d62b5,2024-01-27,13:10:28,b443392b-ea5f-4caf-9fa0-9af71e80855f,aa2c9a7c-2be3-471e-8dff-10e5d439aefe,USA,Netherlands,Cryptocurrency,137785.89,USD,7,False,True,3,True,False,False,0.7020850363592449,True,"High Transaction Amount ($137785.89, 2.5x average), High Transaction Velocity (7.00, 2.4x average), Multiple Currency Conversions, Cross-border Transaction (USA to Netherlands)","{'current_amount': 137785.89, 'avg_amount': 54349.425513, 'amount_diff_percent': 153.51857669046126, 'current_velocity': 7, 'avg_velocity': 2.9513, 'velocity_diff_percent': 137.1836140006099}"
12370d1b-48fa-43c3-b6b5-390ef68521ac,2024-04-27,09:17:30,8ca3a826-91d9-400b-95ab-0d2068cd0022,a7fdc667-d61d-4429-ac66-1874d6338cf4,Netherlands,Germany,Skrill,110763.94,EUR,16,False,True,4,True,False,False,0.7800463914179868,True,"High Transaction Amount ($110763.94, 2.0x average), High Transaction Velocity (16.00, 5.4x average), Multiple Currency Conversions, Cross-border Transaction (Netherlands to Germany)","{'current_amount': 110763.94, 'avg_amount': 54349.425513, 'amount_diff_percent': 103.7996518905357, 'current_velocity': 16, 'avg_velocity': 2.9513, 'velocity_diff_percent': 442.13397485853693}"
10b34346-6950-41c4-b15e-be4b2c779e88,2024-02-12,13:20:11,6ce3ceae-dba8-4f5e-aacf-b5b5dc80dc0d,a1e833ed-6150-4a0f-b6d3-d49d37a9f88e,Japan,Japan,Payoneer,8325.45,JPY,7,False,False,0,True,False,False,0.5467444295381311,True,"High Transaction Velocity (7.00, 2.4x average)","{'current_amount': 8325.45, 'avg_amount': 54349.425513, 'amount_diff_percent': -84.68162281125011, 'current_velocity': 7, 'avg_velocity': 2.9513, 'velocity_diff_percent': 137.1836140006099}"
7894d834-6f65-4d14-9595-cfbc0c404580,2024-02-12,16:12:19,085cf672-a73f-4bd7-8bab-456564cb71b7,12088f86-ce6e-47e4-bb12-3a2f5db551ff,USA,India,Payoneer,148890.14,USD,12,False,False,5,True,False,False,0.8600380575307045,True,"High Transaction Amount ($148890.14, 2.7x average), High Transaction Velocity (12.00, 4.1x average), Cross-border Transaction (USA to India)","{'current_amount': 148890.14, 'avg_amount': 54349.425513, 'amount_diff_percent': 173.9497954111521, 'current_velocity': 12, 'avg_velocity': 2.9513, 'velocity_diff_percent': 306.6004811439027}"
69d54a09-100b-4f93-a579-6d4f1fe77b20,2024-06-02,21:37:11,812a207e-de34-4a1d-b84e-f3840a4a5cf0,64511547-1360-423b-9c3e-a5bd1df33150,India,Canada,PayPal,139147.2,INR,6,True,False,4,True,False,False,0.7421701000390689,True,"High Transaction Amount ($139147.20, 2.6x average), High Transaction Velocity (6.00, 2.0x average), Unusual Transaction Time, Cross-border Transaction (India to Canada)","{'current_amount': 139147.2, 'avg_amount': 54349.425513, 'amount_diff_percent': 156.0233133774652, 'current_velocity': 6, 'avg_velocity': 2.9513, 'velocity_diff_percent': 103.30024057195135}"
0afe11ba-4e4d-417f-885a-bf7eecfee013,2024-09-21,02:28:01,7aa9ef80-dd97-4191-82c0-385faa2d890a,308accff-587e-451f-ada2-df2dd9793d7c,USA,Australia,PayPal,81537.04,USD,10,True,True,3,True,False,False,0.6377650872638256,True,"High Transaction Amount ($81537.04, 1.5x average), High Transaction Velocity (10.00, 3.4x average), Unusual Transaction Time, Multiple Currency Conversions, Cross-border Transaction (USA to Australia)","{'current_amount': 81537.04, 'avg_amount': 54349.425513, 'amount_diff_percent': 50.023738485509675, 'current_velocity': 10, 'avg_velocity': 2.9513, 'velocity_diff_percent': 238.8337342865856}"
7416512f-dad4-4af5-b8f7-24cbbbfe0095,2023-12-24,14:30:28,e529071c-fa0e-4e36-b949-911d1a788b7e,cc71b7b1-cd66-442c-afac-bff396c7fd6b,UK,France,Skrill,104625.21,GBP,11,True,False,0,True,False,False,0.7249417897820796,True,"High Transaction Amount ($104625.21, 1.9x average), High Transaction Velocity (11.00, 3.7x average), Unusual Transaction Time, Cross-border Transaction (UK to France)","{'current_amount': 104625.21, 'avg_amount': 54349.425513, 'amount_diff_percent': 92.50472109401485, 'current_velocity': 11, 'avg_velocity': 2.9513, 'velocity_diff_percent': 272.71710771524414}"
49f26cb4-8b53-416d-aa3f-fffdafb29bd4,2024-03-24,14:46:41,53f473e9-89d8-4493-8a5c-77ab8d8004cd,7e57dab3-eab9-44df-8553-90b5198f207a,Germany,Canada,Skrill,100723.88,EUR,8,True,False,5,True,False,False,0.7390334821318804,True,"High Transaction Amount ($100723.88, 1.9x average), High Transaction Velocity (8.00, 2.7x average), Unusual Transaction Time, Cross-border Transaction (Germany to Canada)","{'current_amount': 100723.88, 'avg_amount': 54349.425513, 'amount_diff_percent': 85.32648514547326, 'current_velocity': 8, 'avg_velocity': 2.9513, 'velocity_diff_percent': 171.06698742926847}"
0e87df26-1e1c-48c0-8e66-0490cdade7e2,2024-07-06,01:52:05,dff9c86b-1018-42c5-af30-1fac994c35ae,989992c1-8611-4490-bc11-52d2f5297e44,Netherlands,Australia,PayPal,153069.87,EUR,2,True,False,5,True,False,False,0.7971003374430333,True,"High Transaction Amount ($153069.87, 2.8x average), Unusual Transaction Time, Cross-border Transaction (Netherlands to Australia)","{'current_amount': 153069.87, 'avg_amount': 54349.425513, 'amount_diff_percent': 181.64027228473051, 'current_velocity': 2, 'avg_velocity': 2.9513, 'velocity_diff_percent': -32.233253142682884}"
d9bdb8ed-7b44-4266-bc60-2e23ebd27831,2024-01-23,16:55:18,6b3792da-985d-489a-ad21-3edda20f277c,d213e7a9-aa9b-4a90-a223-fc224c5a24b9,USA,India,Skrill,112589.17,USD,8,True,False,5,True,False,False,0.8847654555071238,True,"High Transaction Amount ($112589.17, 2.1x average), High Transaction Velocity (8.00, 2.7x average), Unusual Transaction Time, Cross-border Transaction (USA to India)","{'current_amount': 112589.17, 'avg_amount': 54349.425513, 'amount_diff_percent': 107.15797625693295, 'current_velocity': 8, 'avg_velocity': 2.9513, 'velocity_diff_percent': 171.06698742926847}"
5a90e25b-8119-4210-8235-0ed360ab21a7,2023-11-29,14:32:07,d6a13779-bece-4898-8e5c-8799c96768f7,8524725f-9856-428a-8f77-4bd8c716e297,USA,Netherlands,bank transfer,165505.05,USD,8,False,False,2,True,False,False,0.7801145820967308,True,"High Transaction Amount ($165505.05, 3.0x average), High Transaction Velocity (8.00, 2.7x average), Cross-border Transaction (USA to Netherlands)","{'current_amount': 165505.05, 'avg_amount': 54349.425513, 'amount_diff_percent': 204.52033013745904, 'current_velocity': 8, 'avg_velocity': 2.9513, 'velocity_diff_percent': 171.06698742926847}"
74130c8c-6940-4e86-9739-96a7569e1628,2024-06-16,10:36:16,6f461268-6695-4f8f-aa15-2f02336d4745,0b201e87-aa74-4683-bdbe-dfe43a5419d7,Japan,France,Skrill,194972.08,JPY,6,False,False,2,True,False,False,0.7196631138581363,True,"High Transaction Amount ($194972.08, 3.6x average), High Transaction Velocity (6.00, 2.0x average), Cross-border Transaction (Japan to France)","{'current_amount': 194972.08, 'avg_amount': 54349.425513, 'amount_diff_percent': 258.7380697397879, 'current_velocity': 6, 'avg_velocity': 2.9513, 'velocity_diff_percent': 103.30024057195135}"
e81d9e49-84a1-493d-bcfc-9ac6c8dd2e2e,2024-02-15,16:24:21,a1660a15-430c-4398-8929-031aaccc4a90,5287d1f1-bbe8-452e-a72f-31342f70c4ca,Germany,India,Skrill,11321.55,EUR,9,True,False,5,True,False,False,0.6633361079280438,True,"High Transaction Velocity (9.00, 3.0x average), Unusual Transaction Time, Cross-border Transaction (Germany to India)","{'current_amount': 11321.55, 'avg_amount': 54349.425513, 'amount_diff_percent': -79.16896104579439, 'current_velocity': 9, 'avg_velocity': 2.9513, 'velocity_diff_percent': 204.95036085792702}"
6e39d6d1-28cd-41a3-ab46-b97d201a5243,2024-04-10,09:31:29,5dbecc77-450a-43b6-85d5-925292ed9141,4037ba53-458e-459d-b35e-8c51efb32da4,USA,Netherlands,UPI,12741.97,USD,7,True,True,2,True,False,False,0.5848507026783735,True,"High Transaction Velocity (7.00, 2.4x average), Unusual Transaction Time, Multiple Currency Conversions, Cross-border Transaction (USA to Netherlands)","{'current_amount': 12741.97, 'avg_amount': 54349.425513, 'amount_diff_percent': -76.55546515951266, 'current_velocity': 7, 'avg_velocity': 2.9513, 'velocity_diff_percent': 137.1836140006099}"
efd65531-5ca2-448f-9991-8fd80f51359a,2024-02-13,07:51:37,4469027e-8682-4f90-950e-d09e15c36893,10a42445-6eac-4c6d-adee-9134a23d03ae,USA,Germany,Cryptocurrency,105334.19,USD,5,True,False,3,True,False,False,0.7249533990057568,True,"High Transaction Amount ($105334.19, 1.9x average), High Transaction Velocity (5.00, 1.7x average), Unusual Transaction Time, Cross-border Transaction (USA to Germany)","{'current_amount': 105334.19, 'avg_amount': 54349.425513, 'amount_diff_percent': 93.80920590375845, 'current_velocity': 5, 'avg_velocity': 2.9513, 'velocity_diff_percent': 69.41686714329279}"
4393ab8c-18a9-41a9-9664-ec6a92cd0b45,2023-12-12,20:38:12,8f414188-c4f3-4ab6-9195-5ecbbec856b6,8c41c7bc-8a97-4b71-904a-bc2628e863d5,USA,UK,Cryptocurrency,159377.95,USD,13,True,False,1,True,False,False,0.837927333067765,True,"High Transaction Amount ($159377.95, 2.9x average), High Transaction Velocity (13.00, 4.4x average), Unusual Transaction Time, Cross-border Transaction (USA to UK)","{'current_amount': 159377.95, 'avg_amount': 54349.425513, 'amount_diff_percent': 193.2467979111903, 'current_velocity': 13, 'avg_velocity': 2.9513, 'velocity_diff_percent': 340.48385457256126}"
5fefe06b-aa1d-4e12-9a9b-b7087a0a55f9,2023-12-01,05:37:02,780b6f9a-0e70-4051-b300-bcbcb9a9e9bf,cb09b261-9183-4162-bbf4-a7299772794f,Japan,India,Cryptocurrency,83527.51,JPY,6,True,False,1,False,False,False,0.5580694425059533,True,"High Transaction Amount ($83527.51, 1.5x average), High Transaction Velocity (6.00, 2.0x average), Unusual Transaction Time, Cross-border Transaction (Japan to India)","{'current_amount': 83527.51, 'avg_amount': 54349.425513, 'amount_diff_percent': 53.686095504396455, 'current_velocity': 6, 'avg_velocity': 2.9513, 'velocity_diff_percent': 103.30024057195135}"
b965252a-89ba-4cbe-a183-a7d632349f74,2024-09-30,09:39:14,d33041c8-238d-4a56-a2d4-59d46f2bee80,c0669297-7cc6-43f3-9d01-f0dd6d3a977e,France,Japan,PayPal,117960.81,EUR,11,True,False,2,True,False,False,0.7478312921497171,True,"High Transaction Amount ($117960.81, 2.2x average), High Transaction Velocity (11.00, 3.7x average), Unusual Transaction Time, Cross-border Transaction (France to Japan)","{'current_amount': 117960.81, 'avg_amount': 54349.425513, 'amount_diff_percent': 117.04150299028386, 'current_velocity': 11, 'avg_velocity': 2.9513, 'velocity_diff_percent': 272.71710771524414}"
12a60896-4d61-4141-a77e-ec2f42243265,2024-06-02,09:07:08,9955e807-3339-4f8d-9462-187be2eeab78,241e59a4-7173-462b-8125-275dbe85ca7f,USA,Japan,bank transfer,42476.44,USD,9,False,False,3,True,False,False,0.5808705442115278,True,"High Transaction Velocity (9.00, 3.0x average), Cross-border Transaction (USA to Japan)","{'current_amount': 42476.44, 'avg_amount': 54349.425513, 'amount_diff_percent': -21.84565043867863, 'current_velocity': 9, 'avg_velocity': 2.9513, 'velocity_diff_percent': 204.95036085792702}"
2f7b7833-2fbb-4841-b5b3-5d62369eae09,2024-07-13,19:48:38,c7f31077-28b1-4339-80e7-4f554c39a7eb,1a847e8b-4b72-4dba-bb53-7695290e7147,Germany,Netherlands,Skrill,191835.14,EUR,9,True,False,1,True,False,False,0.7446927057701497,True,"High Transaction Amount ($191835.14, 3.5x average), High Transaction Velocity (9.00, 3.0x average), Unusual Transaction Time, Cross-border Transaction (Germany to Netherlands)","{'current_amount': 191835.14, 'avg_amount': 54349.425513, 'amount_diff_percent': 252.96627000061738, 'current_velocity': 9, 'avg_velocity': 2.9513, 'velocity_diff_percent': 204.95036085792702}"
faa5a41d-ce51-42a3-b94b-7aa219d042da,2024-06-15,02:32:05,084affc1-1308-4071-9d79-8032823846b5,53a30521-13de-4585-9f85-81e1c090d311,Japan,France,Skrill,66159.93,JPY,8,False,False,10,True,False,False,0.7786675171014429,True,"High Transaction Velocity (8.00, 2.7x average), Cross-border Transaction (Japan to France)","{'current_amount': 66159.93, 'avg_amount': 54349.425513, 'amount_diff_percent': 21.730688734097107, 'current_velocity': 8, 'avg_velocity': 2.9513, 'velocity_diff_percent': 171.06698742926847}"
a6988873-9c2c-4924-b805-be8a3b67f810,2024-08-17,14:14:42,7c61cd8d-60db-4d92-960f-fac43a5b66bf,1ce3b2ef-32d2-4349-96e9-0f673f658e5c,Canada,India,PayPal,168393.48,CAD,8,True,False,0,True,False,False,0.7498315284034273,True,"High Transaction Amount ($168393.48, 3.1x average), High Transaction Velocity (8.00, 2.7x average), Unusual Transaction Time, Cross-border Transaction (Canada to India)","{'current_amount': 168393.48, 'avg_amount': 54349.425513, 'amount_diff_percent': 209.83488493309187, 'current_velocity': 8, 'avg_velocity': 2.9513, 'velocity_diff_percent': 171.06698742926847}"
ad684c22-2ed2-4a18-acd6-562f0738e19c,2023-12-20,00:57:39,18bed670-0e5c-4e53-93e4-758086d10f9f,f887eef4-a49a-4d0b-91d6-5346a8b2cf1b,India,Brazil,Cryptocurrency,47406.26,INR,12,True,False,0,True,False,False,0.6378870974221282,True,"High Transaction Velocity (12.00, 4.1x average), Unusual Transaction Time, Cross-border Transaction (India to Brazil)","{'current_amount': 47406.26, 'avg_amount': 54349.425513, 'amount_diff_percent': -12.775048581404496, 'current_velocity': 12, 'avg_velocity': 2.9513, 'velocity_diff_percent': 306.6004811439027}"
a291aaa6-4866-40b2-bd6a-28c510eb0160,2024-01-03,16:41:03,2a56abcc-1c44-4a60-98f3-6470adbbdda4,34f3981f-5fda-4afb-be95-d2181dd24918,Japan,USA,Skrill,49897.81,JPY,6,False,False,0,False,False,False,0.5510871131686246,True,"High Transaction Velocity (6.00, 2.0x average), Cross-border Transaction (Japan to USA)","{'current_amount': 49897.81, 'avg_amount': 54349.425513, 'amount_diff_percent': -8.190731495285464, 'current_velocity': 6, 'avg_velocity': 2.9513, 'velocity_diff_percent': 103.30024057195135}"
0c33211b-5278-47a6-8eb7-bfafc3a61af6,2023-11-05,02:24:04,6fef38ff-2113-4a53-b1fe-7ce238793862,564df030-f19c-456c-902f-3fb18c7b0eb6,Netherlands,France,Skrill,145177.61,EUR,6,True,False,3,True,False,False,0.6889639821210483,True,"High Transaction Amount ($145177.61, 2.7x average), High Transaction Velocity (6.00, 2.0x average), Unusual Transaction Time, Cross-border Transaction (Netherlands to France)","{'current_amount': 145177.61, 'avg_amount': 54349.425513, 'amount_diff_percent': 167.1189412393596, 'current_velocity': 6, 'avg_velocity': 2.9513, 'velocity_diff_percent': 103.30024057195135}"
ff2cc1b4-0c7e-43be-b38c-04f20abeea5a,2024-04-25,02:47:37,47f5fb57-9ee6-4b5a-b4f9-2cce6f4e2fc8,82bc5c1c-2868-4b24-9b76-25b04e00be75,Japan,India,UPI,13035.13,JPY,7,False,False,0,True,False,False,0.5832881947155453,True,"High Transaction Velocity (7.00, 2.4x average), Cross-border Transaction (Japan to India)","{'current_amount': 13035.13, 'avg_amount': 54349.425513, 'amount_diff_percent': -76.01606663370879, 'current_velocity': 7, 'avg_velocity': 2.9513, 'velocity_diff_percent': 137.1836140006099}"
4702962b-7624-4d64-9184-75ff246e3dbd,2024-07-15,19:56:22,1fee76ce-740a-486d-a68b-837d287e5782,7d156da8-cafc-4b27-84d3-72dc5cf10404,India,Brazil,Cryptocurrency,139144.28,INR,8,True,False,5,True,False,False,0.7980271409530206,True,"High Transaction Amount ($139144.28, 2.6x average), High Transaction Velocity (8.00, 2.7x average), Unusual Transaction Time, Cross-border Transaction (India to Brazil)","{'current_amount': 139144.28, 'avg_amount': 54349.425513, 'amount_diff_percent': 156.01794073557903, 'current_velocity': 8, 'avg_velocity': 2.9513, 'velocity_diff_percent': 171.06698742926847}"
196cbfac-39ba-4db6-b875-26629b9ea5e2,2024-01-22,09:13:15,2e4d1054-7546-4b73-9e96-9e69a14a135c,1cee8fb7-07ca-499e-b810-117a11a7bdb9,Germany,Japan,UPI,179538.67,EUR,5,True,False,5,True,False,False,0.6365669911580865,True,"High Transaction Amount ($179538.67, 3.3x average), High Transaction Velocity (5.00, 1.7x average), Unusual Transaction Time, Cross-border Transaction (Germany to Japan)","{'current_amount': 179538.67, 'avg_amount': 54349.425513, 'amount_diff_percent': 230.3414310369401, 'current_velocity': 5, 'avg_velocity': 2.9513, 'velocity_diff_percent': 69.41686714329279}"
b9c7cd59-d3cb-4cba-a5e8-6c0c56405969,2024-08-29,14:10:04,8d814aae-dbac-46de-83d7-3e8e4acd16b1,a5679969-588a-480e-be6d-a6e29663acd4,Netherlands,Australia,Cryptocurrency,126878.1,EUR,6,True,True,0,True,False,False,0.6731605923919314,True,"High Transaction Amount ($126878.10, 2.3x average), High Transaction Velocity (6.00, 2.0x average), Unusual Transaction Time, Multiple Currency Conversions, Cross-border Transaction (Netherlands to Australia)","{'current_amount': 126878.1, 'avg_amount': 54349.425513, 'amount_diff_percent': 133.4488337317414, 'current_velocity': 6, 'avg_velocity': 2.9513, 'velocity_diff_percent': 103.30024057195135}"
c78b1452-c256-4dd7-8795-21d2c02d64de,2024-07-08,07:55:33,9cb0e519-4fe4-4634-9093-6c57c45e0ee7,459b76f8-a097-4f99-8241-bb40c66adc0c,Netherlands,France,PayPal,102851.01,EUR,12,True,False,6,True,False,False,0.842247375934637,True,"High Transaction Amount ($102851.01, 1.9x average), High Transaction Velocity (12.00, 4.1x average), Unusual Transaction Time, Cross-border Transaction (Netherlands to France)","{'current_amount': 102851.01, 'avg_amount': 54349.425513, 'amount_diff_percent': 89.24028916441583, 'current_velocity': 12, 'avg_velocity': 2.9513, 'velocity_diff_percent': 306.6004811439027}"
767831b9-0f18-41d7-93e8-599c25c5f8f6,2024-03-26,18:55:10,1e1a270f-894d-4cf3-97a5-6989f86ccb06,7cc2d495-8a01-4165-abea-bbbdcbf65016,Germany,USA,Cryptocurrency,121634.26,EUR,10,True,True,0,True,False,False,0.7188195998755498,True,"High Transaction Amount ($121634.26, 2.2x average), High Transaction Velocity (10.00, 3.4x average), Unusual Transaction Time, Multiple Currency Conversions, Cross-border Transaction (Germany to USA)","{'current_amount': 121634.26, 'avg_amount': 54349.425513, 'amount_diff_percent': 123.80045207820261, 'current_velocity': 10, 'avg_velocity': 2.9513, 'velocity_diff_percent': 238.8337342865856}"
9d0b86fb-0e3d-473e-8e9a-b92d761ef50d,2024-07-15,08:56:28,105aee2a-57ec-4e84-bd11-5cdfc1468299,5cdca041-66cd-444d-a36e-2ba468d7d05a,Brazil,Japan,Skrill,127660.17,BRL,11,False,False,1,True,False,False,0.8014648429933527,True,"High Transaction Amount ($127660.17, 2.3x average), High Transaction Velocity (11.00, 3.7x average), Cross-border Transaction (Brazil to Japan)","{'current_amount': 127660.17, 'avg_amount': 54349.425513, 'amount_diff_percent': 134.88780018376565, 'current_velocity': 11, 'avg_velocity': 2.9513, 'velocity_diff_percent': 272.71710771524414}"
f491e0c1-633e-4e57-9c43-dab7b85206d5,2024-01-29,01:56:29,56c32b60-8249-47a7-a6b3-43cca8a06835,f6c5c159-3e65-4ef6-bdc3-843cb32f5ddc,Germany,Netherlands,UPI,152098.72,EUR,11,True,True,5,True,False,False,0.7916054391645797,True,"High Transaction Amount ($152098.72, 2.8x average), High Transaction Velocity (11.00, 3.7x average), Unusual Transaction Time, Multiple Currency Conversions, Cross-border Transaction (Germany to Netherlands)","{'current_amount': 152098.72, 'avg_amount': 54349.425513, 'amount_diff_percent': 179.85340887111872, 'current_velocity': 11, 'avg_velocity': 2.9513, 'velocity_diff_percent': 272.71710771524414}"
621dd2c8-c8be-4141-8260-3b1e9a3c8666,2023-10-21,10:38:02,31fcc9bb-c743-4ca4-b65a-0a2456a2f7a0,f1d0f839-cc95-45d7-ada5-0f91f3e6f863,USA,Australia,Skrill,116265.49,USD,12,True,False,4,True,False,False,0.8776124346510308,True,"High Transaction Amount ($116265.49, 2.1x average), High Transaction Velocity (12.00, 4.1x average), Unusual Transaction Time, Cross-border Transaction (USA to Australia)","{'current_amount': 116265.49, 'avg_amount': 54349.425513, 'amount_diff_percent': 113.92220598944532, 'current_velocity': 12, 'avg_velocity': 2.9513, 'velocity_diff_percent': 306.6004811439027}"
90255a6d-8baa-4adb-87d0-1ebe49b8c12f,2024-03-10,06:45:09,1a8ff694-9197-4fb0-acbe-7caf0fb1d7bf,4a891796-9dea-4be0-972f-2ed3581cc0a4,USA,Japan,Payoneer,46448.59,USD,11,False,False,2,True,False,False,0.5625411524759716,True,"High Transaction Velocity (11.00, 3.7x average), Cross-border Transaction (USA to Japan)","{'current_amount': 46448.59, 'avg_amount': 54349.425513, 'amount_diff_percent': -14.537109524939101, 'current_velocity': 11, 'avg_velocity': 2.9513, 'velocity_diff_percent': 272.71710771524414}"
aaa17e0a-f19d-49f3-9c10-0ee6e195ec6e,2023-12-10,11:47:16,3f5cc568-ed31-4f05-905a-f37bf9d61da7,92de70ad-0086-4b67-9b19-445485d26236,Germany,UK,bank transfer,62131.46,EUR,11,False,True,1,True,False,False,0.5397054896801923,True,"High Transaction Velocity (11.00, 3.7x average), Multiple Currency Conversions, Cross-border Transaction (Germany to UK)","{'current_amount': 62131.46, 'avg_amount': 54349.425513, 'amount_diff_percent': 14.3185220700053, 'current_velocity': 11, 'avg_velocity': 2.9513, 'velocity_diff_percent': 272.71710771524414}"
72045225-4fba-4c62-af0b-3a9686935fa4,2024-01-22,05:17:39,619d7019-6bde-4d53-adff-471955b6b975,0f95d3c3-6519-468e-9be7-4bd71a0744d1,Australia,Brazil,UPI,145745.0,AUD,8,False,False,4,True,False,False,0.6450987040104852,True,"High Transaction Amount ($145745.00, 2.7x average), High Transaction Velocity (8.00, 2.7x average), Cross-border Transaction (Australia to Brazil)","{'current_amount': 145745.0, 'avg_amount': 54349.425513, 'amount_diff_percent': 168.1629081159999, 'current_velocity': 8, 'avg_velocity': 2.9513, 'velocity_diff_percent': 171.06698742926847}"
a1097143-87ff-4331-83d2-1f1ae7a74d35,2023-12-08,18:58:36,7baa8f05-c68f-4650-a99d-799c72a52bfc,af9d334b-93ef-41b4-bc42-b070e0d3f8e0,Canada,Netherlands,Payoneer,111537.54,CAD,6,False,False,3,True,False,False,0.7448041165828468,True,"High Transaction Amount ($111537.54, 2.1x average), High Transaction Velocity (6.00, 2.0x average), Cross-border Transaction (Canada to Netherlands)","{'current_amount': 111537.54, 'avg_amount': 54349.425513, 'amount_diff_percent': 105.22303400119841, 'current_velocity': 6, 'avg_velocity': 2.9513, 'velocity_diff_percent': 103.30024057195135}"
b489b952-5994-4d7a-bb1a-c6d6c52ce176,2024-06-26,22:02:53,b4d35aee-8677-4ca9-91ba-5923564f7c89,349633fc-d652-4d1b-8955-e3bc68098edd,Canada,Netherlands,Payoneer,103788.46,CAD,7,True,False,4,True,False,False,0.8123086539038817,True,"High Transaction Amount ($103788.46, 1.9x average), High Transaction Velocity (7.00, 2.4x average), Unusual Transaction Time, Cross-border Transaction (Canada to Netherlands)","{'current_amount': 103788.46, 'avg_amount': 54349.425513, 'amount_diff_percent': 90.96514640283463, 'current_velocity': 7, 'avg_velocity': 2.9513, 'velocity_diff_percent': 137.1836140006099}"
ebd809f3-4a1b-43df-9a91-4cceb5a17852,2023-12-28,21:13:02,1591074c-7a93-4007-a892-8f5bb8430717,e74cb5ff-1872-463e-8969-11f8b8255b10,Japan,USA,Cryptocurrency,87886.85,JPY,7,True,False,2,True,False,False,0.7091678569571727,True,"High Transaction Amount ($87886.85, 1.6x average), High Transaction Velocity (7.00, 2.4x average), Unusual Transaction Time, Cross-border Transaction (Japan to USA)","{'current_amount': 87886.85, 'avg_amount': 54349.425513, 'amount_diff_percent': 61.70704505234943, 'current_velocity': 7, 'avg_velocity': 2.9513, 'velocity_diff_percent': 137.1836140006099}"
113f29a9-31be-4d6b-8130-0e0e73a95996,2024-02-28,06:51:49,ea70cdb8-5afd-4217-a228-d516f0e5f45c,060fbbcb-479a-4a89-b702-e44b8a2f3722,UK,Canada,UPI,181550.85,GBP,13,True,False,1,True,False,False,0.7412991982028181,True,"High Transaction Amount ($181550.85, 3.3x average), High Transaction Velocity (13.00, 4.4x average), Unusual Transaction Time, Cross-border Transaction (UK to Canada)","{'current_amount': 181550.85, 'avg_amount': 54349.425513, 'amount_diff_percent': 234.0437332802613, 'current_velocity': 13, 'avg_velocity': 2.9513, 'velocity_diff_percent': 340.48385457256126}"
eac097d6-58c4-4955-84fb-c63b972b5096,2024-06-20,10:40:07,98ee06e4-0a18-4b4d-9455-b9e0c6f366fe,2722ae41-014a-4792-b86f-fbd4ca99684f,India,Germany,bank transfer,46862.51,INR,9,True,False,0,True,False,False,0.5636272927011846,True,"High Transaction Velocity (9.00, 3.0x average), Unusual Transaction Time, Cross-border Transaction (India to Germany)","{'current_amount': 46862.51, 'avg_amount': 54349.425513, 'amount_diff_percent': -13.775519138117076, 'current_velocity': 9, 'avg_velocity': 2.9513, 'velocity_diff_percent': 204.95036085792702}"
6b071c55-9290-4580-abca-b2b5321a43a8,2024-02-07,14:01:45,804814d7-b2f5-4e10-bd93-3965e7f9201f,1dfabbdf-83c1-456c-ace8-b4df1d9579c8,Canada,Brazil,UPI,31359.49,CAD,11,True,False,4,False,False,True,0.5175057315958282,True,"High Transaction Velocity (11.00, 3.7x average), Unusual Transaction Time, Cross-border Transaction (Canada to Brazil)","{'current_amount': 31359.49, 'avg_amount': 54349.425513, 'amount_diff_percent': -42.30023647168261, 'current_velocity': 11, 'avg_velocity': 2.9513, 'velocity_diff_percent': 272.71710771524414}"
e15cb48c-1c7e-46b4-8faf-f5734fd431ea,2024-03-16,05:36:48,f084e57f-99f7-4e24-b3f6-fd946ec72c04,b03a4160-e9a1-4172-844d-2afe7bd272e8,Brazil,Australia,Skrill,91388.65,BRL,6,False,False,6,True,False,False,0.7250569921166852,True,"High Transaction Amount ($91388.65, 1.7x average), High Transaction Velocity (6.00, 2.0x average), Cross-border Transaction (Brazil to Australia)","{'current_amount': 91388.65, 'avg_amount': 54349.425513, 'amount_diff_percent': 68.150167434871, 'current_velocity': 6, 'avg_velocity': 2.9513, 'velocity_diff_percent': 103.30024057195135}"
b4a37dbc-a0c9-48a7-90c6-e4c4b0a75d11,2024-01-07,15:12:46,56d05d90-f4c8-455f-ad27-d008a73dec83,b29e23da-58e1-4f4c-bc5a-3a56a6c35d49,France,Brazil,Skrill,184467.6,EUR,7,True,True,1,True,False,False,0.8013645780632469,True,"High Transaction Amount ($184467.60, 3.4x average), High Transaction Velocity (7.00, 2.4x average), Unusual Transaction Time, Multiple Currency Conversions, Cross-border Transaction (France to Brazil)","{'current_amount': 184467.6, 'avg_amount': 54349.425513, 'amount_diff_percent': 239.41039534240645, 'current_velocity': 7, 'avg_velocity': 2.9513, 'velocity_diff_percent': 137.1836140006099}"
44494a6f-06d6-4809-b9c2-3b1f8fe060c5,2024-10-11,15:57:58,bd7b4100-cec2-4cbc-b8e8-daf998c3533b,55bc65b0-fa54-4ad0-921f-df49044e76bc,India,UK,bank transfer,135086.06,INR,9,False,False,3,True,False,False,0.6788737412890572,True,"High Transaction Amount ($135086.06, 2.5x average), High Transaction Velocity (9.00, 3.0x average), Cross-border Transaction (India to UK)","{'current_amount': 135086.06, 'avg_amount': 54349.425513, 'amount_diff_percent': 148.55103568240727, 'current_velocity': 9, 'avg_velocity': 2.9513, 'velocity_diff_percent': 204.95036085792702}"
2f5e75d8-426b-42c3-a57e-f82668ce6655,2024-08-12,10:46:53,e5ea7864-b113-4184-84e7-13fffe4b233f,f7cf78b4-9c89-46cb-b567-3ebaaa0c7cee,UK,Germany,PayPal,162089.19,GBP,10,True,True,3,True,False,False,0.7947592244366877,True,"High Transaction Amount ($162089.19, 3.0x average), High Transaction Velocity (10.00, 3.4x average), Unusual Transaction Time, Multiple Currency Conversions, Cross-border Transaction (UK to Germany)","{'current_amount': 162089.19, 'avg_amount': 54349.425513, 'amount_diff_percent': 198.235332701409, 'current_velocity': 10, 'avg_velocity': 2.9513, 'velocity_diff_percent': 238.8337342865856}"
cb3754a8-0c97-42c2-8caa-54bc5016eb35,2024-10-18,00:48:51,ae5f6c90-7f4d-4f3a-9a1d-bf1924ffec31,bf5d67f3-caf2-4a3a-a01d-1913114b57fd,Brazil,India,bank transfer,118266.18,BRL,12,True,True,3,True,False,False,0.7846040258982498,True,"High Transaction Amount ($118266.18, 2.2x average), High Transaction Velocity (12.00, 4.1x average), Unusual Transaction Time, Multiple Currency Conversions, Cross-border Transaction (Brazil to India)","{'current_amount': 118266.18, 'avg_amount': 54349.425513, 'amount_diff_percent': 117.60336725493363, 'current_velocity': 12, 'avg_velocity': 2.9513, 'velocity_diff_percent': 306.6004811439027}"
851b6a96-f911-467b-844b-adca91cc9e2c,2024-01-10,12:16:35,09464c1e-e57b-4ba0-b207-3f5edb58965d,4b7a814d-069e-4f48-aea9-f16eb927471a,India,USA,PayPal,123566.02,INR,12,True,False,0,True,False,False,0.8415243783580091,True,"High Transaction Amount ($123566.02, 2.3x average), High Transaction Velocity (12.00, 4.1x average), Unusual Transaction Time, Cross-border Transaction (India to USA)","{'current_amount': 123566.02, 'avg_amount': 54349.425513, 'amount_diff_percent': 127.3547858761522, 'current_velocity': 12, 'avg_velocity': 2.9513, 'velocity_diff_percent': 306.6004811439027}"
ac75260e-54ba-4dee-9055-a2bcd32b56c3,2024-03-05,07:19:03,58c7f07a-e887-4995-ba59-a70c0374b664,cc054c4a-dc9e-4c39-b3ad-b015fd746b90,UK,Germany,PayPal,142755.85,GBP,11,True,True,1,True,False,False,0.7507958661271218,True,"High Transaction Amount ($142755.85, 2.6x average), High Transaction Velocity (11.00, 3.7x average), Unusual Transaction Time, Multiple Currency Conversions, Cross-border Transaction (UK to Germany)","{'current_amount': 142755.85, 'avg_amount': 54349.425513, 'amount_diff_percent': 162.66303397421157, 'current_velocity': 11, 'avg_velocity': 2.9513, 'velocity_diff_percent': 272.71710771524414}"
3552bf3f-b7e8-40e1-9fab-f320a45ca698,2024-02-18,02:00:35,4a7bd6f5-6b86-4cb9-90d6-c2cc3ba43e28,76fb727d-1401-40ec-af20-c5c73fa3837c,Australia,Japan,PayPal,59963.53,AUD,6,True,False,0,True,False,False,0.6019736489219066,True,"High Transaction Velocity (6.00, 2.0x average), Unusual Transaction Time, Cross-border Transaction (Australia to Japan)","{'current_amount': 59963.53, 'avg_amount': 54349.425513, 'amount_diff_percent': 10.329648260324559, 'current_velocity': 6, 'avg_velocity': 2.9513, 'velocity_diff_percent': 103.30024057195135}"
9b07ee16-f19f-4ed6-b351-12a3449239f8,2024-06-02,08:49:29,af1289e7-9110-4ca9-b14f-fa503ced9b64,5fe91cc6-ddbc-4974-8502-d6ba54697e08,Germany,India,Payoneer,96677.92,EUR,8,False,False,3,True,False,False,0.5233991828380773,True,"High Transaction Amount ($96677.92, 1.8x average), High Transaction Velocity (8.00, 2.7x average), Cross-border Transaction (Germany to India)","{'current_amount': 96677.92, 'avg_amount': 54349.425513, 'amount_diff_percent': 77.88213782844, 'current_velocity': 8, 'avg_velocity': 2.9513, 'velocity_diff_percent': 171.06698742926847}"
129f4ac7-8cb3-4284-aecd-618a3af62118,2024-07-02,10:23:48,2c2c58e8-33c2-4e74-8556-e03acc08ca43,3a5e93b7-b04d-4a9b-9ebd-cc03ce6ad7f0,Japan,France,UPI,137876.9,JPY,5,False,False,4,True,False,False,0.689942174881487,True,"High Transaction Amount ($137876.90, 2.5x average), High Transaction Velocity (5.00, 1.7x average), Cross-border Transaction (Japan to France)","{'current_amount': 137876.9, 'avg_amount': 54349.425513, 'amount_diff_percent': 153.68603016239945, 'current_velocity': 5, 'avg_velocity': 2.9513, 'velocity_diff_percent': 69.41686714329279}"
fbc85d8d-f5b2-4ff3-b0f6-267b2cbdd70c,2024-08-20,12:02:31,5cccc7ff-95ef-4ff6-b445-828fe69e99ce,aa3b3a57-1236-4894-82e4-33e625f33705,USA,Germany,bank transfer,160889.41,USD,1,True,True,4,True,False,False,0.7640638628332124,True,"High Transaction Amount ($160889.41, 3.0x average), Unusual Transaction Time, Multiple Currency Conversions, Cross-border Transaction (USA to Germany)","{'current_amount': 160889.41, 'avg_amount': 54349.425513, 'amount_diff_percent': 196.02780246778576, 'current_velocity': 1, 'avg_velocity': 2.9513, 'velocity_diff_percent': -66.11662657134144}"
6c214045-547a-4b9e-b048-5a4744b879b1,2023-11-05,01:18:05,05560565-399a-40a6-be5b-1622acd5bc3a,8c94faa8-33d0-458c-8d05-c0c500f50262,USA,Canada,bank transfer,126863.25,USD,11,False,False,2,True,False,False,0.7251567178707752,True,"High Transaction Amount ($126863.25, 2.3x average), High Transaction Velocity (11.00, 3.7x average), Cross-border Transaction (USA to Canada)","{'current_amount': 126863.25, 'avg_amount': 54349.425513, 'amount_diff_percent': 133.42151053584772, 'current_velocity': 11, 'avg_velocity': 2.9513, 'velocity_diff_percent': 272.71710771524414}"
59723e4d-de31-4bec-9077-c7fedd39c2fc,2024-08-29,18:09:54,5eb527cd-497d-4642-af50-d5953e7f77dd,efb94b04-60a2-45f6-aa6c-2a80d4b9d103,Canada,France,Skrill,178533.46,CAD,3,True,False,1,True,False,False,0.6101039947844079,True,"High Transaction Amount ($178533.46, 3.3x average), Unusual Transaction Time, Cross-border Transaction (Canada to France)","{'current_amount': 178533.46, 'avg_amount': 54349.425513, 'amount_diff_percent': 228.4918990676287, 'current_velocity': 3, 'avg_velocity': 2.9513, 'velocity_diff_percent': 1.6501202859756783}"
0d6951e0-aacc-46f2-86b0-368c543f0696,2023-12-28,17:08:44,ee8c6016-be43-4616-8669-439a82022fe9,a0fe837b-cc8e-451c-af2e-39b5b196f311,UK,Canada,Cryptocurrency,28240.02,GBP,15,True,True,4,True,False,False,0.7250371010356816,True,"High Transaction Velocity (15.00, 5.1x average), Unusual Transaction Time, Multiple Currency Conversions, Cross-border Transaction (UK to Canada)","{'current_amount': 28240.02, 'avg_amount': 54349.425513, 'amount_diff_percent': -48.03989235682871, 'current_velocity': 15, 'avg_velocity': 2.9513, 'velocity_diff_percent': 408.2506014298784}"
f7d78ffa-179b-4bc9-ba2c-b6caf032a263,2024-10-08,11:32:55,c27236db-b1e5-4f30-99b5-9c9f659b8137,f224e8ec-807f-4e49-a40f-94d33ac138ef,Brazil,Netherlands,Payoneer,166798.68,BRL,9,False,True,2,True,False,False,0.7777995330799402,True,"High Transaction Amount ($166798.68, 3.1x average), High Transaction Velocity (9.00, 3.0x average), Multiple Currency Conversions, Cross-border Transaction (Brazil to Netherlands)","{'current_amount': 166798.68, 'avg_amount': 54349.425513, 'amount_diff_percent': 206.90053928923854, 'current_velocity': 9, 'avg_velocity': 2.9513, 'velocity_diff_percent': 204.95036085792702}"
8eed2139-ce1d-4712-9c37-a1b8cb73661c,2024-09-05,18:26:19,46943213-27bb-46a1-8805-03e427886418,09f6d564-64e9-4382-8571-51556c02ce10,Canada,Netherlands,PayPal,75720.36,CAD,8,True,False,2,True,False,False,0.7154189194863971,True,"High Transaction Velocity (8.00, 2.7x average), Unusual Transaction Time, Cross-border Transaction (Canada to Netherlands)","{'current_amount': 75720.36, 'avg_amount': 54349.425513, 'amount_diff_percent': 39.32136225044039, 'current_velocity': 8, 'avg_velocity': 2.9513, 'velocity_diff_percent': 171.06698742926847}"
c76f2b4c-f415-4b9d-9f20-3722d0d9d261,2023-11-12,08:06:50,a1abda94-5853-46df-abf9-e725ae8dbc15,0f5d77a8-61ee-4a1b-9727-603aa9dfe551,Canada,Australia,Skrill,169759.76,CAD,8,True,True,0,True,False,False,0.8595953674913056,True,"High Transaction Amount ($169759.76, 3.1x average), High Transaction Velocity (8.00, 2.7x average), Unusual Transaction Time, Multiple Currency Conversions, Cross-border Transaction (Canada to Australia)","{'current_amount': 169759.76, 'avg_amount': 54349.425513, 'amount_diff_percent': 212.34876615097738, 'current_velocity': 8, 'avg_velocity': 2.9513, 'velocity_diff_percent': 171.06698742926847}"
7c9d737e-93c6-432f-b1b4-823e77441431,2023-12-17,14:47:28,f7b863c1-343c-4c03-8191-9f17688d1751,f68b5a86-867f-441e-ace2-5b0913705869,Netherlands,Germany,Payoneer,145213.26,EUR,9,True,False,4,True,False,False,0.8080222731222875,True,"High Transaction Amount ($145213.26, 2.7x average), High Transaction Velocity (9.00, 3.0x average), Unusual Transaction Time, Cross-border Transaction (Netherlands to Germany)","{'current_amount': 145213.26, 'avg_amount': 54349.425513, 'amount_diff_percent': 167.18453530896295, 'current_velocity': 9, 'avg_velocity': 2.9513, 'velocity_diff_percent': 204.95036085792702}"
55b5a6ff-99f4-4d9a-9819-1bb8463265cd,2024-03-15,16:04:49,b899b5a8-2aff-4774-bd66-d08faa0da1f0,cd3777b7-c8fb-413f-b66c-b5aa49ab0dcf,Netherlands,France,UPI,93690.77,EUR,16,False,True,5,True,False,False,0.6855359488919015,True,"High Transaction Amount ($93690.77, 1.7x average), High Transaction Velocity (16.00, 5.4x average), Multiple Currency Conversions, Cross-border Transaction (Netherlands to France)","{'current_amount': 93690.77, 'avg_amount': 54349.425513, 'amount_diff_percent': 72.38594357835453, 'current_velocity': 16, 'avg_velocity': 2.9513, 'velocity_diff_percent': 442.13397485853693}"
5b7f78e1-fa5f-4077-96d6-9a607892c8b5,2024-07-02,06:18:06,c0d0a5c8-71f8-48d5-92e9-5b80f2c3eced,0d97ba91-3bb0-43cc-bef1-96c8f23fcee2,India,Canada,Skrill,128361.93,INR,9,True,True,2,True,False,False,0.752978899815618,True,"High Transaction Amount ($128361.93, 2.4x average), High Transaction Velocity (9.00, 3.0x average), Unusual Transaction Time, Multiple Currency Conversions, Cross-border Transaction (India to Canada)","{'current_amount': 128361.93, 'avg_amount': 54349.425513, 'amount_diff_percent': 136.17900058446196, 'current_velocity': 9, 'avg_velocity': 2.9513, 'velocity_diff_percent': 204.95036085792702}"
63dde369-5b02-4c36-a610-08c53381a7bd,2024-10-10,00:45:29,378e2987-0c41-4763-b0a3-5254dfe196c9,7e35854a-8e9d-4de6-8907-e609d59746b6,France,France,UPI,92166.26,EUR,7,True,False,0,True,False,False,0.6158088046288682,True,"High Transaction Amount ($92166.26, 1.7x average), High Transaction Velocity (7.00, 2.4x average), Unusual Transaction Time","{'current_amount': 92166.26, 'avg_amount': 54349.425513, 'amount_diff_percent': 69.58092772839792, 'current_velocity': 7, 'avg_velocity': 2.9513, 'velocity_diff_percent': 137.1836140006099}"
d4650779-f848-4b50-9ebe-cdb0148cae2b,2024-08-24,17:48:41,ce76c9d5-1187-4f8c-b6ff-a41666d05a2a,10373186-2d2c-44b3-9ed7-c14429b79f97,France,USA,Skrill,196173.79,EUR,7,True,True,2,True,False,False,0.7253074417140765,True,"High Transaction Amount ($196173.79, 3.6x average), High Transaction Velocity (7.00, 2.4x average), Unusual Transaction Time, Multiple Currency Conversions, Cross-border Transaction (France to USA)","{'current_amount': 196173.79, 'avg_amount': 54349.425513, 'amount_diff_percent': 260.9491510689043, 'current_velocity': 7, 'avg_velocity': 2.9513, 'velocity_diff_percent': 137.1836140006099}"
7f379d1b-1282-4ff1-9632-5aaf7166580f,2024-08-19,13:08:34,984d1497-5324-4984-a529-cb6d533bb092,9fffd52a-56ed-4d2d-a567-e475b39c3b8c,Germany,Germany,UPI,131214.61,EUR,14,True,False,4,True,False,False,0.80454616241393,True,"High Transaction Amount ($131214.61, 2.4x average), High Transaction Velocity (14.00, 4.7x average), Unusual Transaction Time","{'current_amount': 131214.61, 'avg_amount': 54349.425513, 'amount_diff_percent': 141.42777731590627, 'current_velocity': 14, 'avg_velocity': 2.9513, 'velocity_diff_percent': 374.3672280012198}"
0834a472-0ab8-4aee-b47d-0503df448b88,2024-10-10,11:16:18,e1fa5325-c123-41c5-a0df-4be06f7afb50,5729f727-cdf0-4f06-9ea2-98dc9b3fe1e5,Australia,UK,UPI,117680.12,AUD,9,True,False,3,True,False,False,0.7495784730253086,True,"High Transaction Amount ($117680.12, 2.2x average), High Transaction Velocity (9.00, 3.0x average), Unusual Transaction Time, Cross-border Transaction (Australia to UK)","{'current_amount': 117680.12, 'avg_amount': 54349.425513, 'amount_diff_percent': 116.52504858924726, 'current_velocity': 9, 'avg_velocity': 2.9513, 'velocity_diff_percent': 204.95036085792702}"
5e6917e5-9f5c-4c9a-8bd4-9207efdfca30,2024-05-07,10:49:29,baf5d286-d75e-48c6-9a26-a0d1d93f2381,874f4de7-8472-44cb-a684-a5a91c4c711f,USA,Germany,Cryptocurrency,97175.27,USD,6,True,False,0,False,False,False,0.5493265317071147,True,"High Transaction Amount ($97175.27, 1.8x average), High Transaction Velocity (6.00, 2.0x average), Unusual Transaction Time, Cross-border Transaction (USA to Germany)","{'current_amount': 97175.27, 'avg_amount': 54349.425513, 'amount_diff_percent': 78.79723489764645, 'current_velocity': 6, 'avg_velocity': 2.9513, 'velocity_diff_percent': 103.30024057195135}"
7dd6d993-fa9e-4bc8-bbec-32db870bcf2c,2024-05-17,16:40:20,eb5df83a-2b9e-4b18-960e-3b43e0eec89d,17851677-fd76-494c-bfb2-cbb901dad839,Canada,UK,Skrill,189133.06,CAD,9,True,False,4,False,True,False,0.5052758627685098,True,"High Transaction Amount ($189133.06, 3.5x average), High Transaction Velocity (9.00, 3.0x average), Unusual Transaction Time, Cross-border Transaction (Canada to UK), Known Fraudster Involved","{'current_amount': 189133.06, 'avg_amount': 54349.425513, 'amount_diff_percent': 247.9945891143977, 'current_velocity': 9, 'avg_velocity': 2.9513, 'velocity_diff_percent': 204.95036085792702}"
e5600be7-c2ed-4f00-a133-7f83244473ec,2024-04-10,23:03:52,c4356e61-3742-4998-a3f4-5ad6627df449,99dfee06-337d-434f-a577-f1c44cb148e3,Brazil,UK,Payoneer,187488.09,BRL,8,True,False,0,True,False,False,0.7451644845581149,True,"High Transaction Amount ($187488.09, 3.4x average), High Transaction Velocity (8.00, 2.7x average), Unusual Transaction Time, Cross-border Transaction (Brazil to UK)","{'current_amount': 187488.09, 'avg_amount': 54349.425513, 'amount_diff_percent': 244.96793338717842, 'current_velocity': 8, 'avg_velocity': 2.9513, 'velocity_diff_percent': 171.06698742926847}"
0c74a422-bd76-487a-a77b-1a2ab1d14eec,2024-06-07,08:06:51,fecd0a0d-a3d3-4891-aaf5-df4669fef6f9,f39c071b-ca3b-4748-afe2-f5f879fefabf,Netherlands,UK,UPI,187988.97,EUR,14,True,True,4,True,False,False,0.7582216517584166,True,"High Transaction Amount ($187988.97, 3.5x average), High Transaction Velocity (14.00, 4.7x average), Unusual Transaction Time, Multiple Currency Conversions, Cross-border Transaction (Netherlands to UK)","{'current_amount': 187988.97, 'avg_amount': 54349.425513, 'amount_diff_percent': 245.8895254652404, 'current_velocity': 14, 'avg_velocity': 2.9513, 'velocity_diff_percent': 374.3672280012198}"
4e14edce-5a05-43f3-aa49-724ae673cf12,2024-01-01,19:00:00,7ae87850-b916-47f9-8e76-aad197f799df,4f4c8772-2261-4e0b-b9cd-1587100eb7f9,Brazil,Japan,bank transfer,179886.69,BRL,2,True,False,0,True,False,False,0.6376757198569024,True,"High Transaction Amount ($179886.69, 3.3x average), Unusual Transaction Time, Cross-border Transaction (Brazil to Japan)","{'current_amount': 179886.69, 'avg_amount': 54349.425513, 'amount_diff_percent': 230.98176899215312, 'current_velocity': 2, 'avg_velocity': 2.9513, 'velocity_diff_percent': -32.233253142682884}"
5c23cee5-6d91-4acc-9e31-3fcd167666e4,2023-11-27,00:35:34,bdeadb38-a016-42b0-ba39-5e0363792c07,7ae9167c-9803-4145-937a-02a7a70aa215,Brazil,India,PayPal,113302.81,BRL,5,False,True,4,True,False,False,0.7107827516336245,True,"High Transaction Amount ($113302.81, 2.1x average), High Transaction Velocity (5.00, 1.7x average), Multiple Currency Conversions, Cross-border Transaction (Brazil to India)","{'current_amount': 113302.81, 'avg_amount': 54349.425513, 'amount_diff_percent': 108.47103521434418, 'current_velocity': 5, 'avg_velocity': 2.9513, 'velocity_diff_percent': 69.41686714329279}"
9267f4c2-1e7e-4f22-9879-711ad8594c91,2024-07-21,15:58:53,f936d6f4-45c4-4e64-b081-eaa3d2c07c8e,747c878b-fe50-4bb7-af20-14f1e5c63885,Germany,Netherlands,Payoneer,63192.72,EUR,8,True,False,0,True,False,False,0.6096144615334874,True,"High Transaction Velocity (8.00, 2.7x average), Unusual Transaction Time, Cross-border Transaction (Germany to Netherlands)","{'current_amount': 63192.72, 'avg_amount': 54349.425513, 'amount_diff_percent': 16.27118300428906, 'current_velocity': 8, 'avg_velocity': 2.9513, 'velocity_diff_percent': 171.06698742926847}"
2da2303e-99dc-4d10-84c2-f784069be1eb,2023-11-01,07:22:13,161bafea-04ee-4aac-b815-42eb885c1968,1bbe1be5-18ee-4837-89e4-4840e9331e60,Brazil,USA,Cryptocurrency,139175.2,BRL,7,True,False,3,True,False,False,0.8033172347596717,True,"High Transaction Amount ($139175.20, 2.6x average), High Transaction Velocity (7.00, 2.4x average), Unusual Transaction Time, Cross-border Transaction (Brazil to USA)","{'current_amount': 139175.2, 'avg_amount': 54349.425513, 'amount_diff_percent': 156.0748318613051, 'current_velocity': 7, 'avg_velocity': 2.9513, 'velocity_diff_percent': 137.1836140006099}"
3bb0cb8f-a747-473a-adab-c8a993b37ed1,2024-10-01,05:48:10,b09845ab-633c-4814-94e2-5e282b241b12,91eaedc0-b46c-4ba8-8239-f593115fa688,France,UK,PayPal,49393.53,EUR,6,True,False,5,True,False,False,0.693724458450624,True,"High Transaction Velocity (6.00, 2.0x average), Unusual Transaction Time, Cross-border Transaction (France to UK)","{'current_amount': 49393.53, 'avg_amount': 54349.425513, 'amount_diff_percent': -9.11857938924228, 'current_velocity': 6, 'avg_velocity': 2.9513, 'velocity_diff_percent': 103.30024057195135}"
1e2cea32-0e0b-43d5-a813-b1db9e4c1722,2024-03-22,02:07:05,1da43e7b-6be0-4006-bd99-4e5be33511b2,708317c3-8da4-454b-aa7b-93a532501d16,Australia,USA,PayPal,171369.86,AUD,7,True,False,0,True,False,False,0.7950678157587017,True,"High Transaction Amount ($171369.86, 3.2x average), High Transaction Velocity (7.00, 2.4x average), Unusual Transaction Time, Cross-border Transaction (Australia to USA)","{'current_amount': 171369.86, 'avg_amount': 54349.425513, 'amount_diff_percent': 215.31126296635742, 'current_velocity': 7, 'avg_velocity': 2.9513, 'velocity_diff_percent': 137.1836140006099}"
b2607072-b448-4ae5-b402-ffb05cf827bd,2023-11-12,12:09:54,2a421d69-d85e-4d8a-a804-4df1fc20183c,3d175928-7c55-42e5-8dcd-af1018c6e3ea,Germany,Netherlands,UPI,101906.43,EUR,8,False,False,4,True,False,False,0.6798005182321698,True,"High Transaction Amount ($101906.43, 1.9x average), High Transaction Velocity (8.00, 2.7x average), Cross-border Transaction (Germany to Netherlands)","{'current_amount': 101906.43, 'avg_amount': 54349.425513, 'amount_diff_percent': 87.5023131120764, 'current_velocity': 8, 'avg_velocity': 2.9513, 'velocity_diff_percent': 171.06698742926847}"
e611fd56-6443-4b6d-bb57-0ec055b22aca,2024-08-30,23:49:11,0d98822e-86c9-4678-a302-87bb06d9e0eb,1c9de6ee-7d93-4ca6-b9dc-0b114653d685,USA,Germany,UPI,154376.9,USD,6,False,False,0,True,False,False,0.6750128997324503,True,"High Transaction Amount ($154376.90, 2.8x average), High Transaction Velocity (6.00, 2.0x average), Cross-border Transaction (USA to Germany)","{'current_amount': 154376.9, 'avg_amount': 54349.425513, 'amount_diff_percent': 184.0451367109191, 'current_velocity': 6, 'avg_velocity': 2.9513, 'velocity_diff_percent': 103.30024057195135}"
36af78b8-e1d5-4f8d-a0a7-c2c2b9667570,2024-10-12,12:11:39,575dd63d-4762-4586-809f-395f7378d7c8,3dfec1a9-86b6-4234-891f-b37cf7be65d2,Netherlands,Canada,Skrill,141953.2,EUR,10,True,False,2,True,False,False,0.756878378149528,True,"High Transaction Amount ($141953.20, 2.6x average), High Transaction Velocity (10.00, 3.4x average), Unusual Transaction Time, Cross-border Transaction (Netherlands to Canada)","{'current_amount': 141953.2, 'avg_amount': 54349.425513, 'amount_diff_percent': 161.18620143656497, 'current_velocity': 10, 'avg_velocity': 2.9513, 'velocity_diff_percent': 238.8337342865856}"
cc24a694-be55-48e8-b3f8-2bd89036c91e,2024-03-26,10:56:08,824b0775-d00c-4fb0-a1f3-f3f7efcadf5a,674223ad-25a2-4c40-95f8-fe80caa39feb,UK,France,PayPal,23162.47,GBP,7,False,True,3,True,False,False,0.5065183865968863,True,"High Transaction Velocity (7.00, 2.4x average), Multiple Currency Conversions, Cross-border Transaction (UK to France)","{'current_amount': 23162.47, 'avg_amount': 54349.425513, 'amount_diff_percent': -57.382309414733925, 'current_velocity': 7, 'avg_velocity': 2.9513, 'velocity_diff_percent': 137.1836140006099}"
73f8199e-2e78-45b5-a1b3-3870e4c21f97,2023-12-28,01:42:07,c7ba5a75-b39b-49c6-a427-776fdf2448f5,9e87f215-bb3c-4c01-a3e2-1bad137105ea,Australia,UK,bank transfer,57601.3,AUD,10,False,False,2,True,False,False,0.5985154191692549,True,"High Transaction Velocity (10.00, 3.4x average), Cross-border Transaction (Australia to UK)","{'current_amount': 57601.3, 'avg_amount': 54349.425513, 'amount_diff_percent': 5.983272971711863, 'current_velocity': 10, 'avg_velocity': 2.9513, 'velocity_diff_percent': 238.8337342865856}"
57c1b9dc-b2db-40a8-980b-151ee7346d84,2024-02-16,02:17:46,331d5973-88cc-4585-8fa4-bc97d2a5e617,185e9ef8-58aa-4f62-8e8f-786542b73a87,Canada,Brazil,Skrill,151064.53,CAD,8,True,False,2,True,False,False,0.8900384992917815,True,"High Transaction Amount ($151064.53, 2.8x average), High Transaction Velocity (8.00, 2.7x average), Unusual Transaction Time, Cross-border Transaction (Canada to Brazil)","{'current_amount': 151064.53, 'avg_amount': 54349.425513, 'amount_diff_percent': 177.95055527103304, 'current_velocity': 8, 'avg_velocity': 2.9513, 'velocity_diff_percent': 171.06698742926847}"
f7681957-5172-4aa1-9d07-29f8a31ff8fc,2024-08-27,20:05:14,2c497728-c760-4c8d-8c8d-65c5d8d531b2,e5af60f1-aade-4932-848f-8fb115943088,Japan,Canada,Payoneer,28511.89,JPY,6,True,False,4,True,False,False,0.6793375799941664,True,"High Transaction Velocity (6.00, 2.0x average), Unusual Transaction Time, Cross-border Transaction (Japan to Canada)","{'current_amount': 28511.89, 'avg_amount': 54349.425513, 'amount_diff_percent': -47.53966627820168, 'current_velocity': 6, 'avg_velocity': 2.9513, 'velocity_diff_percent': 103.30024057195135}"
92bf6f8a-ca33-4d56-83f7-f065570af200,2024-07-02,04:55:19,5cea4e44-e4ef-425e-8587-9a8e50f3f94e,c3de9754-0884-481b-baec-e233bdf32591,UK,Netherlands,bank transfer,36406.43,GBP,12,True,False,4,True,False,False,0.7110759784599431,True,"High Transaction Velocity (12.00, 4.1x average), Unusual Transaction Time, Cross-border Transaction (UK to Netherlands)","{'current_amount': 36406.43, 'avg_amount': 54349.425513, 'amount_diff_percent': -33.014140156289535, 'current_velocity': 12, 'avg_velocity': 2.9513, 'velocity_diff_percent': 306.6004811439027}"
b64e95be-6f54-400a-b731-d77ddb10a168,2023-12-13,05:48:16,cdbbe3f0-5996-4831-a3b2-9d03ee363ad5,dd72598a-3acb-4596-883c-522c0a18125e,Brazil,Germany,PayPal,127247.27,BRL,6,False,False,2,True,False,False,0.6939395633235695,True,"High Transaction Amount ($127247.27, 2.3x average), High Transaction Velocity (6.00, 2.0x average), Cross-border Transaction (Brazil to Germany)","{'current_amount': 127247.27, 'avg_amount': 54349.425513, 'amount_diff_percent': 134.1280865417121, 'current_velocity': 6, 'avg_velocity': 2.9513, 'velocity_diff_percent': 103.30024057195135}"
0bd65596-cfbf-4f6a-8394-d51014fe7806,2024-04-09,08:30:28,d17fdc00-99a8-4182-83bd-15298f2fe123,1dd3760d-66d5-4b1b-8027-ff43bea56b0b,France,Canada,UPI,107722.11,EUR,8,False,False,3,True,False,False,0.6908003372932384,True,"High Transaction Amount ($107722.11, 2.0x average), High Transaction Velocity (8.00, 2.7x average), Cross-border Transaction (France to Canada)","{'current_amount': 107722.11, 'avg_amount': 54349.425513, 'amount_diff_percent': 98.20284940129427, 'current_velocity': 8, 'avg_velocity': 2.9513, 'velocity_diff_percent': 171.06698742926847}"
551d4fd2-2d0d-4a8b-82c5-a405f8827c2f,2024-05-05,09:10:00,db3956b4-c8b7-409e-9c0f-63df4a573668,96d263ba-7a36-45e9-909b-f6e4a873eb8c,France,Germany,PayPal,190964.95,EUR,10,False,False,4,True,False,False,0.7810595210090097,True,"High Transaction Amount ($190964.95, 3.5x average), High Transaction Velocity (10.00, 3.4x average), Cross-border Transaction (France to Germany)","{'current_amount': 190964.95, 'avg_amount': 54349.425513, 'amount_diff_percent': 251.3651675201655, 'current_velocity': 10, 'avg_velocity': 2.9513, 'velocity_diff_percent': 238.8337342865856}"
e3529c4b-e194-4fd0-a230-c52bffa7e276,2024-07-10,07:19:38,1a8a8a83-b6a0-4330-9c48-3dfa3c46864a,6c336983-584d-4b56-9510-12ced9724fec,Netherlands,Brazil,UPI,19876.53,EUR,6,True,True,3,True,False,False,0.5914964687498009,True,"High Transaction Velocity (6.00, 2.0x average), Unusual Transaction Time, Multiple Currency Conversions, Cross-border Transaction (Netherlands to Brazil)","{'current_amount': 19876.53, 'avg_amount': 54349.425513, 'amount_diff_percent': -63.42826108576681, 'current_velocity': 6, 'avg_velocity': 2.9513, 'velocity_diff_percent': 103.30024057195135}"
eddfda30-b011-4e96-be26-913b0b1ca817,2024-01-18,19:13:50,f7aae95f-7574-49ae-aac7-1f55ad0dff39,2359a62f-138a-4473-ab49-18244ef73169,Australia,Canada,Cryptocurrency,55868.02,AUD,10,False,True,4,True,False,False,0.7499452877036383,True,"High Transaction Velocity (10.00, 3.4x average), Multiple Currency Conversions, Cross-border Transaction (Australia to Canada)","{'current_amount': 55868.02, 'avg_amount': 54349.425513, 'amount_diff_percent': 2.794131626353176, 'current_velocity': 10, 'avg_velocity': 2.9513, 'velocity_diff_percent': 238.8337342865856}"
d49b5411-b33d-433f-881c-1a401d899479,2024-08-20,05:29:58,4ef53259-7dbc-4d03-af8c-73a32a450e5e,2e8ac630-1773-4008-af86-835092c8935c,Canada,India,Cryptocurrency,118259.95,CAD,4,True,True,1,True,False,False,0.5813595046655248,True,"High Transaction Amount ($118259.95, 2.2x average), Unusual Transaction Time, Multiple Currency Conversions, Cross-border Transaction (Canada to India)","{'current_amount': 118259.95, 'avg_amount': 54349.425513, 'amount_diff_percent': 117.59190439227926, 'current_velocity': 4, 'avg_velocity': 2.9513, 'velocity_diff_percent': 35.53349371463424}"
002c9985-6961-43f2-bde8-9e14f1254029,2024-04-28,06:50:04,09c4e8e3-a449-4d71-94ed-0d4c0f73b404,f649c578-2ac9-4b2f-a819-07f088a352a1,Germany,Brazil,UPI,174279.31,EUR,12,False,False,3,True,False,False,0.6993044797702425,True,"High Transaction Amount ($174279.31, 3.2x average), High Transaction Velocity (12.00, 4.1x average), Cross-border Transaction (Germany to Brazil)","{'current_amount': 174279.31, 'avg_amount': 54349.425513, 'amount_diff_percent': 220.66449342378718, 'current_velocity': 12, 'avg_velocity': 2.9513, 'velocity_diff_percent': 306.6004811439027}"
8b8a5577-ba93-4041-b088-245a1e52ec4b,2024-01-16,06:29:16,c7ef2d51-b49e-4d25-9ff8-a71770aad347,466ba1d1-4c27-42e4-8d48-42d7148d6d5d,Japan,USA,Cryptocurrency,64513.52,JPY,7,True,True,1,True,False,False,0.7035695981907162,True,"High Transaction Velocity (7.00, 2.4x average), Unusual Transaction Time, Multiple Currency Conversions, Cross-border Transaction (Japan to USA)","{'current_amount': 64513.52, 'avg_amount': 54349.425513, 'amount_diff_percent': 18.701383484851767, 'current_velocity': 7, 'avg_velocity': 2.9513, 'velocity_diff_percent': 137.1836140006099}"
2ebc7787-4422-4e47-a861-c2ed6b3950e9,2023-12-24,11:18:41,69773b0c-5f65-49bb-a6e2-24518b882c8e,fa7e11c4-4e7a-4c0a-907e-0cb176f45c7a,USA,India,UPI,120260.84,USD,7,False,False,2,True,False,False,0.7620780913846091,True,"High Transaction Amount ($120260.84, 2.2x average), High Transaction Velocity (7.00, 2.4x average), Cross-border Transaction (USA to India)","{'current_amount': 120260.84, 'avg_amount': 54349.425513, 'amount_diff_percent': 121.2734336469379, 'current_velocity': 7, 'avg_velocity': 2.9513, 'velocity_diff_percent': 137.1836140006099}"
00caa55c-2f79-4342-a1a4-7bf7658fdbb9,2024-05-04,00:19:34,0c836fee-f682-42f6-8d86-d6d58ba7e409,d85b0c1f-9f40-4368-9bff-6facecae3716,Germany,USA,Skrill,47590.67,EUR,9,True,False,2,True,False,False,0.6757828410360307,True,"High Transaction Velocity (9.00, 3.0x average), Unusual Transaction Time, Cross-border Transaction (Germany to USA)","{'current_amount': 47590.67, 'avg_amount': 54349.425513, 'amount_diff_percent': -12.435744166943138, 'current_velocity': 9, 'avg_velocity': 2.9513, 'velocity_diff_percent': 204.95036085792702}"
7e5c03e7-3610-4121-9fbb-3572b21f6931,2024-06-30,17:25:31,0b2e8231-f498-4d70-b873-3b02cdf2fbcf,119a5a3b-f5c1-4a1b-bda8-dc6f4b8a12ed,France,Netherlands,PayPal,95047.28,EUR,11,False,True,0,True,False,False,0.5675035207725213,True,"High Transaction Amount ($95047.28, 1.7x average), High Transaction Velocity (11.00, 3.7x average), Multiple Currency Conversions, Cross-border Transaction (France to Netherlands)","{'current_amount': 95047.28, 'avg_amount': 54349.425513, 'amount_diff_percent': 74.88184852527164, 'current_velocity': 11, 'avg_velocity': 2.9513, 'velocity_diff_percent': 272.71710771524414}"
7bcadef4-0c71-4922-a13b-5e75581c2f19,2024-04-03,13:02:08,dbb7a8f6-b8e5-4ea1-9da0-2d8499731fde,8099aa74-7989-4a15-9261-feb64c40b37a,Japan,UK,Cryptocurrency,89357.79,JPY,11,True,False,1,True,False,False,0.7327851458783379,True,"High Transaction Amount ($89357.79, 1.6x average), High Transaction Velocity (11.00, 3.7x average), Unusual Transaction Time, Cross-border Transaction (Japan to UK)","{'current_amount': 89357.79, 'avg_amount': 54349.425513, 'amount_diff_percent': 64.41349500304513, 'current_velocity': 11, 'avg_velocity': 2.9513, 'velocity_diff_percent': 272.71710771524414}"
609a630a-d760-4079-933b-c8e2e06f502e,2023-11-23,14:05:44,25c4e608-6784-4396-bab4-6c2b05c072b5,20f453c2-c8bf-4795-bbb2-292fb10d2c1a,Australia,France,PayPal,123874.99,AUD,2,True,False,0,True,False,False,0.655407931248884,True,"High Transaction Amount ($123874.99, 2.3x average), Unusual Transaction Time, Cross-border Transaction (Australia to France)","{'current_amount': 123874.99, 'avg_amount': 54349.425513, 'amount_diff_percent': 127.92327394586714, 'current_velocity': 2, 'avg_velocity': 2.9513, 'velocity_diff_percent': -32.233253142682884}"
41284de3-a1c2-4a6c-8655-fe2bef609e75,2024-03-31,12:11:18,3d2b42df-9f6d-4019-9b6d-6cd358561e96,5467d42e-7e77-435c-869e-771a4e67f389,Australia,India,Payoneer,191439.02,AUD,6,True,False,1,True,False,False,0.6731770032040798,True,"High Transaction Amount ($191439.02, 3.5x average), High Transaction Velocity (6.00, 2.0x average), Unusual Transaction Time, Cross-border Transaction (Australia to India)","{'current_amount': 191439.02, 'avg_amount': 54349.425513, 'amount_diff_percent': 252.2374306499507, 'current_velocity': 6, 'avg_velocity': 2.9513, 'velocity_diff_percent': 103.30024057195135}"
5b1d560c-408d-4d20-9657-061aae303b45,2023-11-02,17:51:02,05307a99-c155-498f-9326-acf3d7c004d0,e49e149a-621b-48dc-9f8c-f6677932a983,Japan,France,bank transfer,97066.87,JPY,8,True,False,0,True,False,False,0.733507509853165,True,"High Transaction Amount ($97066.87, 1.8x average), High Transaction Velocity (8.00, 2.7x average), Unusual Transaction Time, Cross-border Transaction (Japan to France)","{'current_amount': 97066.87, 'avg_amount': 54349.425513, 'amount_diff_percent': 78.59778476735192, 'current_velocity': 8, 'avg_velocity': 2.9513, 'velocity_diff_percent': 171.06698742926847}"
d2cccf65-73bb-4e12-9358-dccbcb24015e,2023-11-11,11:53:44,2e281529-50e9-4a06-801a-fc06ccaff55e,b31e769f-bb63-42da-a37a-c9c7a55cf785,Canada,Brazil,bank transfer,141150.03,CAD,7,False,False,1,False,False,True,0.5428835896845989,True,"High Transaction Amount ($141150.03, 2.6x average), High Transaction Velocity (7.00, 2.4x average), Cross-border Transaction (Canada to Brazil)","{'current_amount': 141150.03, 'avg_amount': 54349.425513, 'amount_diff_percent': 159.70841212707558, 'current_velocity': 7, 'avg_velocity': 2.9513, 'velocity_diff_percent': 137.1836140006099}"
d82d57a9-d9d2-4642-8828-fc0ff8a3d365,2024-03-25,14:10:36,33da8766-7e1a-4f44-8bdf-3e05e1941d44,c87e336f-c7f5-4ca6-a6e3-c7303a3add5a,Australia,Japan,Cryptocurrency,5395.06,AUD,11,False,False,2,True,False,False,0.6235509704707326,True,"High Transaction Velocity (11.00, 3.7x average), Cross-border Transaction (Australia to Japan)","{'current_amount': 5395.06, 'avg_amount': 54349.425513, 'amount_diff_percent': -90.0733817348087, 'current_velocity': 11, 'avg_velocity': 2.9513, 'velocity_diff_percent': 272.71710771524414}"
8617f745-eef8-4bcf-8424-af6f1575b655,2024-07-11,05:05:45,397a28e5-6e74-4c39-bd75-8848bddfaaaa,dca9d5be-7867-41ae-bc2a-87688356a07c,USA,Canada,PayPal,113441.77,USD,10,False,False,6,True,False,False,0.7799896806379253,True,"High Transaction Amount ($113441.77, 2.1x average), High Transaction Velocity (10.00, 3.4x average), Cross-border Transaction (USA to Canada)","{'current_amount': 113441.77, 'avg_amount': 54349.425513, 'amount_diff_percent': 108.72671408985828, 'current_velocity': 10, 'avg_velocity': 2.9513, 'velocity_diff_percent': 238.8337342865856}"
9e698547-38db-48d8-864f-982dc2695a4f,2024-09-02,05:33:14,c60fd2c8-110b-437f-bc5d-c9ab2b7c6c76,50274660-7dc2-47d0-bf95-d3c78d473dae,India,Netherlands,UPI,75426.09,INR,12,True,True,0,True,False,False,0.6598615011170272,True,"High Transaction Velocity (12.00, 4.1x average), Unusual Transaction Time, Multiple Currency Conversions, Cross-border Transaction (India to Netherlands)","{'current_amount': 75426.09, 'avg_amount': 54349.425513, 'amount_diff_percent': 38.779921384741414, 'current_velocity': 12, 'avg_velocity': 2.9513, 'velocity_diff_percent': 306.6004811439027}"
6c9615ad-7b30-4158-9421-fbd6076a4edb,2024-04-21,15:24:26,1ffd2ae6-ee22-4f32-a65c-c655f453e85b,b467df5a-8b2f-4037-9825-db5d47064e17,USA,India,Cryptocurrency,33384.03,USD,7,True,True,3,True,False,False,0.6656748120379586,True,"High Transaction Velocity (7.00, 2.4x average), Unusual Transaction Time, Multiple Currency Conversions, Cross-border Transaction (USA to India)","{'current_amount': 33384.03, 'avg_amount': 54349.425513, 'amount_diff_percent': -38.575192497637765, 'current_velocity': 7, 'avg_velocity': 2.9513, 'velocity_diff_percent': 137.1836140006099}"
b8cd152c-fcba-46dd-a9f2-209238171b90,2024-01-03,20:31:42,80995704-b662-4594-bb41-8a9ab9577a8f,6c7de826-53c3-485b-a437-975343c6482b,Canada,Germany,Payoneer,182954.73,CAD,10,False,False,3,False,False,True,0.5142133661319052,True,"High Transaction Amount ($182954.73, 3.4x average), High Transaction Velocity (10.00, 3.4x average), Cross-border Transaction (Canada to Germany)","{'current_amount': 182954.73, 'avg_amount': 54349.425513, 'amount_diff_percent': 236.62679646216046, 'current_velocity': 10, 'avg_velocity': 2.9513, 'velocity_diff_percent': 238.8337342865856}"
7857b59f-5996-4985-a5fc-97094aad6db6,2024-06-19,05:33:34,7baa7b8d-7c4d-43f3-9bf3-b72c77c9765f,28350665-d0ca-4703-85b1-cb804980673c,USA,UK,Payoneer,198120.31,USD,7,False,True,0,True,False,False,0.6145437468138746,True,"High Transaction Amount ($198120.31, 3.6x average), High Transaction Velocity (7.00, 2.4x average), Multiple Currency Conversions, Cross-border Transaction (USA to UK)","{'current_amount': 198120.31, 'avg_amount': 54349.425513, 'amount_diff_percent': 264.53064246762096, 'current_velocity': 7, 'avg_velocity': 2.9513, 'velocity_diff_percent': 137.1836140006099}"
5534050a-9653-471f-93fe-b01a9398ffb7,2024-02-27,14:29:52,68623ec6-c016-4423-977c-c6cfcf3f630e,131f4e05-fc1d-49ec-b7ca-55695fec86ff,India,Germany,Skrill,161870.52,INR,6,True,False,4,True,False,False,0.785235951216159,True,"High Transaction Amount ($161870.52, 3.0x average), High Transaction Velocity (6.00, 2.0x average), Unusual Transaction Time, Cross-border Transaction (India to Germany)","{'current_amount': 161870.52, 'avg_amount': 54349.425513, 'amount_diff_percent': 197.83299174207775, 'current_velocity': 6, 'avg_velocity': 2.9513, 'velocity_diff_percent': 103.30024057195135}"
e3f0636b-2d82-4775-80bf-b7c00c53449a,2024-10-07,17:10:26,0c3bb222-b652-4004-95a2-f01d30966c62,d7579ae2-e15b-4a44-987b-316223d30c45,India,UK,Skrill,53384.89,INR,10,True,False,2,True,False,False,0.6405868176987787,True,"High Transaction Velocity (10.00, 3.4x average), Unusual Transaction Time, Cross-border Transaction (India to UK)","{'current_amount': 53384.89, 'avg_amount': 54349.425513, 'amount_diff_percent': -1.7746931156968575, 'current_velocity': 10, 'avg_velocity': 2.9513, 'velocity_diff_percent': 238.8337342865856}"
aab67778-e361-450e-b99a-07d25fd17ce3,2024-03-05,03:04:54,120539e1-68f0-4322-9913-ce889cffd990,69e5d85f-a588-4fd6-b928-acadb94382b5,India,France,Cryptocurrency,7115.68,INR,12,True,False,1,True,False,False,0.6250024151375428,True,"High Transaction Velocity (12.00, 4.1x average), Unusual Transaction Time, Cross-border Transaction (India to France)","{'current_amount': 7115.68, 'avg_amount': 54349.425513, 'amount_diff_percent': -86.90753410392907, 'current_velocity': 12, 'avg_velocity': 2.9513, 'velocity_diff_percent': 306.6004811439027}"
0071d9df-3280-4608-b133-b4f4a3448b82,2024-08-12,14:09:58,502450aa-51b3-4506-bf41-41f893c13d26,8a91115a-961a-4ed4-bd48-be0a6a6e0b40,Australia,Australia,Cryptocurrency,106865.91,AUD,5,False,True,2,True,False,False,0.5671072376270864,True,"High Transaction Amount ($106865.91, 2.0x average), High Transaction Velocity (5.00, 1.7x average), Multiple Currency Conversions","{'current_amount': 106865.91, 'avg_amount': 54349.425513, 'amount_diff_percent': 96.62748776330382, 'current_velocity': 5, 'avg_velocity': 2.9513, 'velocity_diff_percent': 69.41686714329279}"
b5a1a7f8-ca72-4ecf-bde1-169de92f145f,2024-06-22,22:20:19,becb892c-4b5b-4bb9-94b8-e6c4ce21aff5,75697701-86c5-4ba8-8834-371390c8314b,Brazil,Brazil,Payoneer,157747.3,BRL,13,True,False,1,True,False,False,0.824773097658704,True,"High Transaction Amount ($157747.30, 2.9x average), High Transaction Velocity (13.00, 4.4x average), Unusual Transaction Time","{'current_amount': 157747.3, 'avg_amount': 54349.425513, 'amount_diff_percent': 190.24649020856336, 'current_velocity': 13, 'avg_velocity': 2.9513, 'velocity_diff_percent': 340.48385457256126}"
f4ff6352-63ea-4236-9fa3-011937be4d41,2024-01-11,04:12:22,8b735574-5bdb-4c90-be51-28c66821b991,63a45acd-6c8e-406e-aabf-8a9687d4ec8f,Australia,Japan,Skrill,144663.68,AUD,5,False,False,2,True,False,False,0.5693875962398615,True,"High Transaction Amount ($144663.68, 2.7x average), High Transaction Velocity (5.00, 1.7x average), Cross-border Transaction (Australia to Japan)","{'current_amount': 144663.68, 'avg_amount': 54349.425513, 'amount_diff_percent': 166.17333786793657, 'current_velocity': 5, 'avg_velocity': 2.9513, 'velocity_diff_percent': 69.41686714329279}"
016e077f-05e5-489c-b5a2-c9243969f652,2024-02-15,13:06:57,819fd041-718f-43e5-b299-3516b4ea1fa1,a9b2bd22-58be-4dd2-8ded-5f74cd52205a,Brazil,Netherlands,Cryptocurrency,166911.88,BRL,6,True,False,0,True,False,False,0.7425453967333406,True,"High Transaction Amount ($166911.88, 3.1x average), High Transaction Velocity (6.00, 2.0x average), Unusual Transaction Time, Cross-border Transaction (Brazil to Netherlands)","{'current_amount': 166911.88, 'avg_amount': 54349.425513, 'amount_diff_percent': 207.10882115961994, 'current_velocity': 6, 'avg_velocity': 2.9513, 'velocity_diff_percent': 103.30024057195135}"
e91de399-564f-4c77-8733-80504b3b2682,2024-02-26,08:40:41,4dc2d472-746a-4f73-8141-ab97080d7759,150229be-5d71-4003-9fce-b244741c8926,France,Japan,PayPal,162852.42,EUR,4,False,False,1,True,False,False,0.6066795307310584,True,"High Transaction Amount ($162852.42, 3.0x average), Cross-border Transaction (France to Japan)","{'current_amount': 162852.42, 'avg_amount': 54349.425513, 'amount_diff_percent': 199.63963457359245, 'current_velocity': 4, 'avg_velocity': 2.9513, 'velocity_diff_percent': 35.53349371463424}"
b7d75951-4dbf-4d5a-89dd-ff62b4ded2c3,2024-09-13,20:46:10,767b1042-60fe-4a77-9f7a-33c539e1d998,c332b442-49f5-4419-ac37-120121b72ef2,Brazil,France,Payoneer,182953.9,BRL,3,True,True,2,True,False,False,0.6438125478350318,True,"High Transaction Amount ($182953.90, 3.4x average), Unusual Transaction Time, Multiple Currency Conversions, Cross-border Transaction (Brazil to France)","{'current_amount': 182953.9, 'avg_amount': 54349.425513, 'amount_diff_percent': 236.62526930710374, 'current_velocity': 3, 'avg_velocity': 2.9513, 'velocity_diff_percent': 1.6501202859756783}"
6bf533ff-f463-4726-ad02-4d6ec052b2f6,2024-03-28,00:14:47,0c0bb1a3-f09d-434a-8302-8051eb6025ef,79fede6c-40a7-46e3-9be9-1d8326a0c270,USA,Japan,Cryptocurrency,3081.27,USD,10,True,False,3,True,False,False,0.6321436840044996,True,"High Transaction Velocity (10.00, 3.4x average), Unusual Transaction Time, Cross-border Transaction (USA to Japan)","{'current_amount': 3081.27, 'avg_amount': 54349.425513, 'amount_diff_percent': -94.33063004637836, 'current_velocity': 10, 'avg_velocity': 2.9513, 'velocity_diff_percent': 238.8337342865856}"
5ccbf48f-b0e9-47e7-9ac1-08cec2a34f38,2023-11-09,04:19:15,e9f37e44-e5ee-4a06-afc0-0278a4cd03a8,1c54b273-9b9e-4c57-862d-81435fb4d571,India,UK,Cryptocurrency,131371.98,INR,8,True,False,4,True,False,False,0.8148950663250712,True,"High Transaction Amount ($131371.98, 2.4x average), High Transaction Velocity (8.00, 2.7x average), Unusual Transaction Time, Cross-border Transaction (India to UK)","{'current_amount': 131371.98, 'avg_amount': 54349.425513, 'amount_diff_percent': 141.71732959454513, 'current_velocity': 8, 'avg_velocity': 2.9513, 'velocity_diff_percent': 171.06698742926847}"
bb7d840f-e498-4079-8e4d-0b476fb88da0,2024-04-20,01:36:44,d36c30e4-47b7-46d9-9438-e1d02a39159a,711372c9-a591-4330-af2c-5a0329bbde86,Germany,Canada,Cryptocurrency,116391.53,EUR,8,True,False,2,True,False,False,0.7335312682713553,True,"High Transaction Amount ($116391.53, 2.1x average), High Transaction Velocity (8.00, 2.7x average), Unusual Transaction Time, Cross-border Transaction (Germany to Canada)","{'current_amount': 116391.53, 'avg_amount': 54349.425513, 'amount_diff_percent': 114.15411276455896, 'current_velocity': 8, 'avg_velocity': 2.9513, 'velocity_diff_percent': 171.06698742926847}"
dc910993-9ff1-4876-b09b-4ebbb1b9306b,2024-01-19,13:47:08,326a9da9-0a4b-4c2d-912b-4355e1fd08f7,46309f9f-9997-4de7-bb98-4e60056138f3,Australia,India,bank transfer,91969.96,AUD,8,True,True,3,True,False,False,0.6120600780036838,True,"High Transaction Amount ($91969.96, 1.7x average), High Transaction Velocity (8.00, 2.7x average), Unusual Transaction Time, Multiple Currency Conversions, Cross-border Transaction (Australia to India)","{'current_amount': 91969.96, 'avg_amount': 54349.425513, 'amount_diff_percent': 69.21974635776313, 'current_velocity': 8, 'avg_velocity': 2.9513, 'velocity_diff_percent': 171.06698742926847}"
ab64c82d-f813-4f56-a69b-8e2de781b234,2024-10-01,00:53:15,2ace71bd-6688-44fb-8f5f-88a81898b412,c8504e68-4a34-4e5e-97da-abed1585a3cd,Brazil,India,Skrill,100815.38,BRL,6,True,True,4,True,False,False,0.7827978609712798,True,"High Transaction Amount ($100815.38, 1.9x average), High Transaction Velocity (6.00, 2.0x average), Unusual Transaction Time, Multiple Currency Conversions, Cross-border Transaction (Brazil to India)","{'current_amount': 100815.38, 'avg_amount': 54349.425513, 'amount_diff_percent': 85.49484019087869, 'current_velocity': 6, 'avg_velocity': 2.9513, 'velocity_diff_percent': 103.30024057195135}"
82b7d15d-d047-4819-8fba-0660b8c1912f,2024-10-07,17:43:55,263ed47d-2626-468d-a1c0-3d2cc4f09fc9,f0e0b7a7-1b9a-4c95-840f-af320de85722,Canada,USA,Skrill,165114.99,CAD,5,False,False,5,True,False,False,0.6846594444449454,True,"High Transaction Amount ($165114.99, 3.0x average), High Transaction Velocity (5.00, 1.7x average), Cross-border Transaction (Canada to USA)","{'current_amount': 165114.99, 'avg_amount': 54349.425513, 'amount_diff_percent': 203.80264085865204, 'current_velocity': 5, 'avg_velocity': 2.9513, 'velocity_diff_percent': 69.41686714329279}"
6341f1b3-8093-4011-8f7c-ad7bc2625b7f,2024-08-29,22:45:03,f464ef1f-8aa5-4f9e-bf5a-e36a61cc6863,a14dc0d9-e4b8-4638-8741-6e013f42a7ee,Brazil,Australia,PayPal,161394.43,BRL,7,True,True,0,True,False,False,0.7394833236029811,True,"High Transaction Amount ($161394.43, 3.0x average), High Transaction Velocity (7.00, 2.4x average), Unusual Transaction Time, Multiple Currency Conversions, Cross-border Transaction (Brazil to Australia)","{'current_amount': 161394.43, 'avg_amount': 54349.425513, 'amount_diff_percent': 196.95701192167263, 'current_velocity': 7, 'avg_velocity': 2.9513, 'velocity_diff_percent': 137.1836140006099}"
7efe4817-f8fc-4fc0-bbaa-9aefbac5a9ec,2024-02-13,20:41:39,de881cca-909c-461d-9863-b846ad5f3afc,6693ddda-e347-4737-b6f1-f374871dbecc,Japan,France,Payoneer,112172.41,JPY,1,True,True,5,True,False,False,0.7299088856733796,True,"High Transaction Amount ($112172.41, 2.1x average), Unusual Transaction Time, Multiple Currency Conversions, Cross-border Transaction (Japan to France)","{'current_amount': 112172.41, 'avg_amount': 54349.425513, 'amount_diff_percent': 106.3911604238929, 'current_velocity': 1, 'avg_velocity': 2.9513, 'velocity_diff_percent': -66.11662657134144}"
5041cc10-816e-4db2-922d-9c5e47326f0f,2024-04-27,21:55:47,7b7b0610-1fcf-427f-b8df-6762451eefdd,aed3beac-da0f-4620-9fea-ac201ee83894,Canada,UK,bank transfer,137252.91,CAD,11,True,False,3,False,True,False,0.5298991653808334,True,"High Transaction Amount ($137252.91, 2.5x average), High Transaction Velocity (11.00, 3.7x average), Unusual Transaction Time, Cross-border Transaction (Canada to UK), Known Fraudster Involved","{'current_amount': 137252.91, 'avg_amount': 54349.425513, 'amount_diff_percent': 152.53792235056852, 'current_velocity': 11, 'avg_velocity': 2.9513, 'velocity_diff_percent': 272.71710771524414}"
7dff57c9-5058-4d83-afe1-4278f754bb9e,2024-04-21,14:03:19,e56dbccf-7d99-4201-be98-5032d3238904,bf9b17ac-4e29-4f7f-bbc7-df3a341c9a77,France,Japan,UPI,10351.28,EUR,6,True,True,2,True,False,False,0.510091119125878,True,"High Transaction Velocity (6.00, 2.0x average), Unusual Transaction Time, Multiple Currency Conversions, Cross-border Transaction (France to Japan)","{'current_amount': 10351.28, 'avg_amount': 54349.425513, 'amount_diff_percent': -80.95420530705694, 'current_velocity': 6, 'avg_velocity': 2.9513, 'velocity_diff_percent': 103.30024057195135}"
a1cf5c47-bae8-4ef7-a61a-1e3d736680a8,2024-05-25,14:58:20,d0cc7f45-f8e4-47d9-bfe9-970d2ea8a091,20825e67-bced-459e-9322-89a809bc103f,Netherlands,Canada,PayPal,4195.99,EUR,7,True,False,5,True,False,False,0.7321851707765933,True,"High Transaction Velocity (7.00, 2.4x average), Unusual Transaction Time, Cross-border Transaction (Netherlands to Canada)","{'current_amount': 4195.99, 'avg_amount': 54349.425513, 'amount_diff_percent': -92.2796056068774, 'current_velocity': 7, 'avg_velocity': 2.9513, 'velocity_diff_percent': 137.1836140006099}"
cd46118b-e208-40ad-aa9b-9a8df48fb961,2024-02-29,13:00:53,569ef219-1e46-40fb-8d5f-6412256df15f,4977d454-3d15-4158-b93b-e42086c8f568,Australia,Brazil,Cryptocurrency,165186.33,AUD,8,True,False,3,True,False,False,0.8377710159418763,True,"High Transaction Amount ($165186.33, 3.0x average), High Transaction Velocity (8.00, 2.7x average), Unusual Transaction Time, Cross-border Transaction (Australia to Brazil)","{'current_amount': 165186.33, 'avg_amount': 54349.425513, 'amount_diff_percent': 203.93390259569273, 'current_velocity': 8, 'avg_velocity': 2.9513, 'velocity_diff_percent': 171.06698742926847}"
a5e49415-19e1-4800-bb30-837a37631737,2023-10-22,13:12:41,80cf98cf-adc0-4d14-866a-d12c85f9436a,de474c46-b11c-45b6-a040-e20b76a592ee,Netherlands,Brazil,bank transfer,125949.62,EUR,7,True,False,1,True,False,False,0.738240315018927,True,"High Transaction Amount ($125949.62, 2.3x average), High Transaction Velocity (7.00, 2.4x average), Unusual Transaction Time, Cross-border Transaction (Netherlands to Brazil)","{'current_amount': 125949.62, 'avg_amount': 54349.425513, 'amount_diff_percent': 131.74048080760988, 'current_velocity': 7, 'avg_velocity': 2.9513, 'velocity_diff_percent': 137.1836140006099}"
9993232c-9e04-437b-a76f-70256f4ebc48,2023-12-25,00:49:31,8564ea5c-2689-4b61-9b7c-136f3a54d1c3,2e19891d-c0b8-4de2-8a46-aaa4bb7b7614,UK,USA,bank transfer,16413.79,GBP,6,True,False,6,True,False,False,0.7287286850752897,True,"High Transaction Velocity (6.00, 2.0x average), Unusual Transaction Time, Cross-border Transaction (UK to USA)","{'current_amount': 16413.79, 'avg_amount': 54349.425513, 'amount_diff_percent': -69.79951518333172, 'current_velocity': 6, 'avg_velocity': 2.9513, 'velocity_diff_percent': 103.30024057195135}"
b4bd8cb1-010a-4790-a598-eaf1efb895ff,2024-06-30,16:25:01,29104c28-d669-4b81-a4b2-f114095d3179,582f574e-eb6c-435b-9522-8a682681fc4c,France,Canada,UPI,90452.66,EUR,7,True,False,3,True,False,False,0.6687257095889673,True,"High Transaction Amount ($90452.66, 1.7x average), High Transaction Velocity (7.00, 2.4x average), Unusual Transaction Time, Cross-border Transaction (France to Canada)","{'current_amount': 90452.66, 'avg_amount': 54349.425513, 'amount_diff_percent': 66.42799651739531, 'current_velocity': 7, 'avg_velocity': 2.9513, 'velocity_diff_percent': 137.1836140006099}"
eca2414b-cd11-414c-90f6-2918fbb7632c,2024-02-25,09:43:42,40e86baf-0ba7-43ac-9de0-1a46b236183d,c647bd4c-6ce5-448a-ab25-3f972ccd78fe,India,India,UPI,189055.38,INR,11,True,False,2,True,False,False,0.7327429197236028,True,"High Transaction Amount ($189055.38, 3.5x average), High Transaction Velocity (11.00, 3.7x average), Unusual Transaction Time","{'current_amount': 189055.38, 'avg_amount': 54349.425513, 'amount_diff_percent': 247.851662120659, 'current_velocity': 11, 'avg_velocity': 2.9513, 'velocity_diff_percent': 272.71710771524414}"
6482a142-277e-4708-a9c7-652fb49f83f8,2024-09-12,21:19:13,8b5658f7-8c0d-40df-9fed-59aff48a8fe1,4bfa5b51-4c82-4928-8cfd-bc82b3873747,Brazil,UK,Cryptocurrency,18871.32,BRL,9,True,True,1,True,False,False,0.6615879187106887,True,"High Transaction Velocity (9.00, 3.0x average), Unusual Transaction Time, Multiple Currency Conversions, Cross-border Transaction (Brazil to UK)","{'current_amount': 18871.32, 'avg_amount': 54349.425513, 'amount_diff_percent': -65.27779305507818, 'current_velocity': 9, 'avg_velocity': 2.9513, 'velocity_diff_percent': 204.95036085792702}"
d19ce46f-7715-4e94-b6ab-22333eefbdb5,2024-04-23,07:34:07,1cd7e91c-94de-4469-89fe-6f54fa5a16b1,394a9b11-f8e1-4b79-b4be-d633e8b65910,UK,Canada,bank transfer,172932.81,GBP,3,False,False,6,True,False,False,0.7300358923958541,True,"High Transaction Amount ($172932.81, 3.2x average), Cross-border Transaction (UK to Canada)","{'current_amount': 172932.81, 'avg_amount': 54349.425513, 'amount_diff_percent': 218.18700633484283, 'current_velocity': 3, 'avg_velocity': 2.9513, 'velocity_diff_percent': 1.6501202859756783}"
9d4a6c01-5882-4b1f-aec0-34576a4896f3,2024-08-09,05:51:04,dd890031-0f91-43fe-9083-55b7192163e7,db63a0c5-822c-4bf9-ac76-451709c224aa,India,India,bank transfer,41922.98,INR,8,True,False,4,True,False,False,0.6208252463312555,True,"High Transaction Velocity (8.00, 2.7x average), Unusual Transaction Time","{'current_amount': 41922.98, 'avg_amount': 54349.425513, 'amount_diff_percent': -22.86398686960855, 'current_velocity': 8, 'avg_velocity': 2.9513, 'velocity_diff_percent': 171.06698742926847}"
421cf661-c4ba-40f5-b73b-27e18eaf3da7,2024-10-02,21:57:34,53e750a1-58f7-46ae-8de1-28a4bc079059,2e1babd7-1948-4e36-9b5b-61872fbfc09b,India,India,Payoneer,197994.32,INR,8,True,True,0,True,False,False,0.7211016085319275,True,"High Transaction Amount ($197994.32, 3.6x average), High Transaction Velocity (8.00, 2.7x average), Unusual Transaction Time, Multiple Currency Conversions","{'current_amount': 197994.32, 'avg_amount': 54349.425513, 'amount_diff_percent': 264.29882768979985, 'current_velocity': 8, 'avg_velocity': 2.9513, 'velocity_diff_percent': 171.06698742926847}"
f85d7e94-89eb-41c8-b3a3-eb15197e8cbe,2023-12-01,09:58:37,fe82c227-e00b-4596-8e1e-51b944e84e07,e1ba2ce2-bd2a-49b1-8606-963f3652489f,UK,India,PayPal,182243.52,GBP,9,True,True,5,True,False,False,0.8560927113928892,True,"High Transaction Amount ($182243.52, 3.4x average), High Transaction Velocity (9.00, 3.0x average), Unusual Transaction Time, Multiple Currency Conversions, Cross-border Transaction (UK to India)","{'current_amount': 182243.52, 'avg_amount': 54349.425513, 'amount_diff_percent': 235.3182085731681, 'current_velocity': 9, 'avg_velocity': 2.9513, 'velocity_diff_percent': 204.95036085792702}"
099fa650-df01-4023-98ed-d7c784bfcbcb,2024-04-24,17:07:59,2bc0d3ac-109b-40f4-acbf-46e6e08c7d01,09b24135-9990-4f35-bedd-f7bb3a1bf845,Germany,India,PayPal,160086.12,EUR,11,False,False,2,True,False,False,0.7499125835427719,True,"High Transaction Amount ($160086.12, 2.9x average), High Transaction Velocity (11.00, 3.7x average), Cross-border Transaction (Germany to India)","{'current_amount': 160086.12, 'avg_amount': 54349.425513, 'amount_diff_percent': 194.54979236479423, 'current_velocity': 11, 'avg_velocity': 2.9513, 'velocity_diff_percent': 272.71710771524414}"
5a3d49fe-2dba-461a-9950-e2fdd23e391e,2024-09-24,01:44:56,ba283c51-dd27-4c23-945f-ed386e129c1f,42462ed4-1d79-474d-8cb2-87da6c45aafd,France,Japan,Payoneer,169764.8,EUR,9,True,False,1,True,False,False,0.745897366932618,True,"High Transaction Amount ($169764.80, 3.1x average), High Transaction Velocity (9.00, 3.0x average), Unusual Transaction Time, Cross-border Transaction (France to Japan)","{'current_amount': 169764.8, 'avg_amount': 54349.425513, 'amount_diff_percent': 212.35803947806855, 'current_velocity': 9, 'avg_velocity': 2.9513, 'velocity_diff_percent': 204.95036085792702}"
d6f78f22-a453-41af-a297-09aab971baa5,2023-11-06,03:07:59,f8145d8e-57b9-4b70-941e-70ccf4ff5574,d8a27ab1-24d5-4a7c-b65e-112bd7f2a067,Japan,Brazil,Cryptocurrency,60707.39,JPY,9,True,False,1,True,False,False,0.744294537886519,True,"High Transaction Velocity (9.00, 3.0x average), Unusual Transaction Time, Cross-border Transaction (Japan to Brazil)","{'current_amount': 60707.39, 'avg_amount': 54349.425513, 'amount_diff_percent': 11.698310381365884, 'current_velocity': 9, 'avg_velocity': 2.9513, 'velocity_diff_percent': 204.95036085792702}"
d855bce9-d0dd-47e4-812e-1166a7ddb914,2024-06-28,20:30:10,e5ed9851-f850-430b-8e7c-e05e86830a8e,b3c2307e-a478-4873-a0e1-055967628e87,Netherlands,Australia,Cryptocurrency,71928.01,EUR,5,False,False,4,True,False,False,0.5202100025967037,True,"High Transaction Velocity (5.00, 1.7x average), Cross-border Transaction (Netherlands to Australia)","{'current_amount': 71928.01, 'avg_amount': 54349.425513, 'amount_diff_percent': 32.34364360078713, 'current_velocity': 5, 'avg_velocity': 2.9513, 'velocity_diff_percent': 69.41686714329279}"
5f69176c-914f-48b1-aefd-c338e464a068,2024-09-26,12:58:51,9af340ce-da67-4343-b880-c85163db5b78,a7575eac-25c5-4843-9c6d-b8e700718da3,USA,Germany,Payoneer,124782.25,USD,9,True,False,1,True,False,False,0.8291695502968887,True,"High Transaction Amount ($124782.25, 2.3x average), High Transaction Velocity (9.00, 3.0x average), Unusual Transaction Time, Cross-border Transaction (USA to Germany)","{'current_amount': 124782.25, 'avg_amount': 54349.425513, 'amount_diff_percent': 129.5925832190314, 'current_velocity': 9, 'avg_velocity': 2.9513, 'velocity_diff_percent': 204.95036085792702}"
629c5bd7-bb88-4650-904e-31a77e4029c2,2024-10-09,12:39:52,a2156605-7296-495b-a52c-07bb0e5af978,c6d3fe24-9c4b-46ef-b192-2725916c489d,India,Canada,Payoneer,159613.18,INR,9,True,False,2,True,False,False,0.7592614764238427,True,"High Transaction Amount ($159613.18, 2.9x average), High Transaction Velocity (9.00, 3.0x average), Unusual Transaction Time, Cross-border Transaction (India to Canada)","{'current_amount': 159613.18, 'avg_amount': 54349.425513, 'amount_diff_percent': 193.67960837382108, 'current_velocity': 9, 'avg_velocity': 2.9513, 'velocity_diff_percent': 204.95036085792702}"
f63227a9-42f5-44fb-b5f2-0d77d3f34d68,2024-06-09,05:14:53,194f88b1-5f00-4582-bc25-f2605e65184b,80f0ede9-80cf-4796-aa01-2c9e9d1abd7e,Brazil,Australia,Payoneer,153887.81,BRL,13,True,True,1,True,False,False,0.8139503566776105,True,"High Transaction Amount ($153887.81, 2.8x average), High Transaction Velocity (13.00, 4.4x average), Unusual Transaction Time, Multiple Currency Conversions, Cross-border Transaction (Brazil to Australia)","{'current_amount': 153887.81, 'avg_amount': 54349.425513, 'amount_diff_percent': 183.14523759444546, 'current_velocity': 13, 'avg_velocity': 2.9513, 'velocity_diff_percent': 340.48385457256126}"
935dfc54-5b58-4386-a3b0-99836d2fbef2,2024-06-28,15:25:37,0f2705ea-ea17-4df8-8035-044886b1c48b,2b5b27bd-9357-4410-9d22-030b0e745e50,Canada,Japan,Payoneer,169459.95,CAD,12,True,False,0,False,True,False,0.6450954683675272,True,"High Transaction Amount ($169459.95, 3.1x average), High Transaction Velocity (12.00, 4.1x average), Unusual Transaction Time, Cross-border Transaction (Canada to Japan), Known Fraudster Involved","{'current_amount': 169459.95, 'avg_amount': 54349.425513, 'amount_diff_percent': 211.79713198526153, 'current_velocity': 12, 'avg_velocity': 2.9513, 'velocity_diff_percent': 306.6004811439027}"
7da53f14-6aa5-4c1f-ae0d-9a60768cb5f1,2024-01-17,15:19:03,c530c80d-af69-4693-8a7e-21ab47b93108,343fef04-28df-4ee5-8197-b411de5c709e,UK,Japan,bank transfer,8983.89,GBP,12,True,False,2,True,False,False,0.5451499817103865,True,"High Transaction Velocity (12.00, 4.1x average), Unusual Transaction Time, Cross-border Transaction (UK to Japan)","{'current_amount': 8983.89, 'avg_amount': 54349.425513, 'amount_diff_percent': -83.47012886483756, 'current_velocity': 12, 'avg_velocity': 2.9513, 'velocity_diff_percent': 306.6004811439027}"
918a699b-96cb-4295-aeef-bc26fb06a70c,2024-10-02,02:37:59,68911cf2-ffae-4496-ba50-2c445dd5b59c,0c765ce6-ab24-4b8b-b905-a4dc3d865265,Australia,France,Payoneer,23265.74,AUD,11,False,True,1,True,False,False,0.5116501277504227,True,"High Transaction Velocity (11.00, 3.7x average), Multiple Currency Conversions, Cross-border Transaction (Australia to France)","{'current_amount': 23265.74, 'avg_amount': 54349.425513, 'amount_diff_percent': -57.19229820665722, 'current_velocity': 11, 'avg_velocity': 2.9513, 'velocity_diff_percent': 272.71710771524414}"
99eaec22-ab85-41ae-9da4-de0a1066fe81,2023-11-13,18:32:23,d97a9c06-70e1-4620-817a-ad13e1b2e10a,2b86f65d-2749-4aaa-b3df-6baee399a8b4,Germany,Japan,Skrill,115611.43,EUR,8,True,False,1,True,False,False,0.7310352415475267,True,"High Transaction Amount ($115611.43, 2.1x average), High Transaction Velocity (8.00, 2.7x average), Unusual Transaction Time, Cross-border Transaction (Germany to Japan)","{'current_amount': 115611.43, 'avg_amount': 54349.425513, 'amount_diff_percent': 112.71877100586197, 'current_velocity': 8, 'avg_velocity': 2.9513, 'velocity_diff_percent': 171.06698742926847}"
eaf62559-0045-4cdc-86a1-d23d1e4d8e42,2023-11-27,09:50:19,54c29f50-8d29-4e38-aa35-e8103b9f9801,899ce009-74d0-405e-a8f5-730a9f22088e,UK,USA,bank transfer,73543.55,GBP,9,False,False,2,True,False,False,0.5498377448160415,True,"High Transaction Velocity (9.00, 3.0x average), Cross-border Transaction (UK to USA)","{'current_amount': 73543.55, 'avg_amount': 54349.425513, 'amount_diff_percent': 35.31614972159899, 'current_velocity': 9, 'avg_velocity': 2.9513, 'velocity_diff_percent': 204.95036085792702}"
f98331b0-9a93-4e52-bcc5-03e8d79583e7,2024-05-10,22:33:15,58c97ffd-3eda-4ae5-8fe7-f1d2628799e0,e834ede2-ac6f-4e7e-942c-e6ae5dd044f1,Brazil,Japan,Skrill,85198.44,BRL,8,False,False,2,True,False,False,0.6049469758087394,True,"High Transaction Amount ($85198.44, 1.6x average), High Transaction Velocity (8.00, 2.7x average), Cross-border Transaction (Brazil to Japan)","{'current_amount': 85198.44, 'avg_amount': 54349.425513, 'amount_diff_percent': 56.760516225918764, 'current_velocity': 8, 'avg_velocity': 2.9513, 'velocity_diff_percent': 171.06698742926847}"
04e15627-5416-497d-a734-cd1ef00a52eb,2024-02-03,00:17:09,ae4160b9-c7e8-4666-9d7a-9abbd49054dc,da886a5a-5216-4d10-85ae-a5ac15879b8d,Germany,Germany,Payoneer,2424.16,EUR,7,True,False,3,True,False,False,0.5209918193954091,True,"High Transaction Velocity (7.00, 2.4x average), Unusual Transaction Time","{'current_amount': 2424.16, 'avg_amount': 54349.425513, 'amount_diff_percent': -95.53967686480853, 'current_velocity': 7, 'avg_velocity': 2.9513, 'velocity_diff_percent': 137.1836140006099}"
4350c1f9-c1e2-4df8-a823-38fec7944afb,2024-03-29,20:39:48,50b862d9-34eb-40ca-b751-0353e20d9c83,c07970e8-11b1-4afa-b4f3-ab56a6d76079,Netherlands,Japan,Cryptocurrency,184553.33,EUR,7,True,True,6,True,False,False,0.8256213007249461,True,"High Transaction Amount ($184553.33, 3.4x average), High Transaction Velocity (7.00, 2.4x average), Unusual Transaction Time, Multiple Currency Conversions, Cross-border Transaction (Netherlands to Japan)","{'current_amount': 184553.33, 'avg_amount': 54349.425513, 'amount_diff_percent': 239.5681339002491, 'current_velocity': 7, 'avg_velocity': 2.9513, 'velocity_diff_percent': 137.1836140006099}"
93e75ab5-c19a-43e8-8b97-e2fd0407000f,2024-04-27,22:53:09,1bd6cfe5-dd76-4405-8778-4cb31cfee905,db741f8c-3d58-4b11-8102-67ba28318fbd,Canada,Netherlands,PayPal,107742.42,CAD,4,False,False,3,True,False,False,0.5438313201984627,True,"High Transaction Amount ($107742.42, 2.0x average), Cross-border Transaction (Canada to Netherlands)","{'current_amount': 107742.42, 'avg_amount': 54349.425513, 'amount_diff_percent': 98.24021870153672, 'current_velocity': 4, 'avg_velocity': 2.9513, 'velocity_diff_percent': 35.53349371463424}"
ac684478-b340-4b35-ab81-5cadb299ba59,2024-01-12,11:22:56,ed8a111f-6b31-4baf-949a-8396ea606837,91105391-7055-41c8-ac60-2319eebdc096,Australia,USA,bank transfer,110235.35,AUD,8,True,False,0,True,False,False,0.7185559134184829,True,"High Transaction Amount ($110235.35, 2.0x average), High Transaction Velocity (8.00, 2.7x average), Unusual Transaction Time, Cross-border Transaction (Australia to USA)","{'current_amount': 110235.35, 'avg_amount': 54349.425513, 'amount_diff_percent': 102.82707491293075, 'current_velocity': 8, 'avg_velocity': 2.9513, 'velocity_diff_percent': 171.06698742926847}"
7edf88f5-8e8d-4e8c-99b6-648293340128,2023-11-11,07:05:46,61d14be2-6adf-4d8b-b1d8-37cb10b632aa,a0650a49-1bf3-447b-bbf4-9c86d70f120b,UK,Brazil,Cryptocurrency,153170.54,GBP,8,True,False,1,True,False,False,0.7920144847090407,True,"High Transaction Amount ($153170.54, 2.8x average), High Transaction Velocity (8.00, 2.7x average), Unusual Transaction Time, Cross-border Transaction (UK to Brazil)","{'current_amount': 153170.54, 'avg_amount': 54349.425513, 'amount_diff_percent': 181.82549963359352, 'current_velocity': 8, 'avg_velocity': 2.9513, 'velocity_diff_percent': 171.06698742926847}"
6428488c-83d5-4a1b-a8d6-b44e1406d814,2023-11-17,06:11:06,a1d32254-0461-4d4d-97ed-0495208e6469,c1c1a351-e9e4-46e1-b830-41288bfc51cf,India,Germany,Skrill,53250.87,INR,7,False,False,1,True,False,False,0.5471710009082391,True,"High Transaction Velocity (7.00, 2.4x average), Cross-border Transaction (India to Germany)","{'current_amount': 53250.87, 'avg_amount': 54349.425513, 'amount_diff_percent': -2.0212826587048887, 'current_velocity': 7, 'avg_velocity': 2.9513, 'velocity_diff_percent': 137.1836140006099}"
816fd7ba-b115-4773-bf36-9bb322f3c678,2023-12-21,10:16:22,f097d48f-9c91-4ebe-85d3-ae18cff267b4,ac6864bb-52e2-4cb8-b1bb-bf3798dfec9e,France,Australia,Payoneer,46029.72,EUR,7,True,False,5,True,False,False,0.7531300434877681,True,"High Transaction Velocity (7.00, 2.4x average), Unusual Transaction Time, Cross-border Transaction (France to Australia)","{'current_amount': 46029.72, 'avg_amount': 54349.425513, 'amount_diff_percent': -15.307807643725665, 'current_velocity': 7, 'avg_velocity': 2.9513, 'velocity_diff_percent': 137.1836140006099}"
2e8e0a29-d7c0-48d4-9fb6-8c4b87386a30,2023-11-01,13:41:10,e6ff273f-ce71-408b-8d28-737ab44c91a0,2ed222fa-b1fd-405d-9355-5a9889e0a764,India,Japan,Payoneer,168775.82,INR,8,True,True,2,True,False,False,0.7881352846582702,True,"High Transaction Amount ($168775.82, 3.1x average), High Transaction Velocity (8.00, 2.7x average), Unusual Transaction Time, Multiple Currency Conversions, Cross-border Transaction (India to Japan)","{'current_amount': 168775.82, 'avg_amount': 54349.425513, 'amount_diff_percent': 210.5383698299258, 'current_velocity': 8, 'avg_velocity': 2.9513, 'velocity_diff_percent': 171.06698742926847}"
dcc1f475-6d8e-4859-a69a-bd653f369f03,2024-01-04,19:15:26,9371f819-dd3f-426e-9d8a-382b968fcf29,d6a5cd16-accf-4e29-a11e-2f333387c106,Netherlands,UK,Payoneer,53583.88,EUR,7,False,True,4,True,False,False,0.735755734150848,True,"High Transaction Velocity (7.00, 2.4x average), Multiple Currency Conversions, Cross-border Transaction (Netherlands to UK)","{'current_amount': 53583.88, 'avg_amount': 54349.425513, 'amount_diff_percent': -1.4085622907217143, 'current_velocity': 7, 'avg_velocity': 2.9513, 'velocity_diff_percent': 137.1836140006099}"
7b0a2a96-8a3f-427a-88e5-e6d18b44d0d8,2024-04-12,01:58:10,00943350-a9d2-4b65-bb7d-c1141b06601f,2ad17982-2eac-41ff-a3c7-cf147625fb0c,USA,Netherlands,Skrill,106064.66,USD,11,True,False,4,True,False,False,0.841194998689376,True,"High Transaction Amount ($106064.66, 2.0x average), High Transaction Velocity (11.00, 3.7x average), Unusual Transaction Time, Cross-border Transaction (USA to Netherlands)","{'current_amount': 106064.66, 'avg_amount': 54349.425513, 'amount_diff_percent': 95.15323114984919, 'current_velocity': 11, 'avg_velocity': 2.9513, 'velocity_diff_percent': 272.71710771524414}"
9f184871-05b1-417d-a0ab-9365f62a81fe,2023-11-04,05:02:55,c4f44dce-9f1e-4ec3-9eba-1ea5fd1589a1,bc1b3620-3aaa-454c-aaf0-cacf877419eb,Netherlands,Netherlands,bank transfer,131688.96,EUR,14,True,True,3,True,False,False,0.8083192114276742,True,"High Transaction Amount ($131688.96, 2.4x average), High Transaction Velocity (14.00, 4.7x average), Unusual Transaction Time, Multiple Currency Conversions","{'current_amount': 131688.96, 'avg_amount': 54349.425513, 'amount_diff_percent': 142.30055563052994, 'current_velocity': 14, 'avg_velocity': 2.9513, 'velocity_diff_percent': 374.3672280012198}"
4cfb8b5d-4e26-40a5-8ed0-b5fe6ada3ba6,2024-05-10,06:31:14,a141dd51-b9cf-4098-9b23-4ca789644209,b03ba069-cdb7-4fd2-a136-1a094cd680a2,Japan,India,Skrill,168994.92,JPY,9,False,False,4,True,False,False,0.8284792666904185,True,"High Transaction Amount ($168994.92, 3.1x average), High Transaction Velocity (9.00, 3.0x average), Cross-border Transaction (Japan to India)","{'current_amount': 168994.92, 'avg_amount': 54349.425513, 'amount_diff_percent': 210.94150196597315, 'current_velocity': 9, 'avg_velocity': 2.9513, 'velocity_diff_percent': 204.95036085792702}"
6acf8046-9b0a-43fe-93b9-c76c1418c661,2024-01-25,13:54:35,2eb77d27-3fd9-4725-a0af-6ea3b1298dd8,44894e2a-edb2-4062-999f-e810a5cefaa6,Australia,Canada,UPI,34823.97,AUD,6,True,False,2,True,False,False,0.5631499900501645,True,"High Transaction Velocity (6.00, 2.0x average), Unusual Transaction Time, Cross-border Transaction (Australia to Canada)","{'current_amount': 34823.97, 'avg_amount': 54349.425513, 'amount_diff_percent': -35.92578086833622, 'current_velocity': 6, 'avg_velocity': 2.9513, 'velocity_diff_percent': 103.30024057195135}"
989428c5-ee56-4bb6-a9a6-3ece893ef71b,2024-09-11,08:13:42,c579681a-8603-40c9-bdef-be7e0fcca53b,13dc0e17-202f-4f94-add9-4587e884bb3c,Brazil,Japan,Payoneer,183982.3,BRL,12,True,False,0,True,False,False,0.7853909911242454,True,"High Transaction Amount ($183982.30, 3.4x average), High Transaction Velocity (12.00, 4.1x average), Unusual Transaction Time, Cross-border Transaction (Brazil to Japan)","{'current_amount': 183982.3, 'avg_amount': 54349.425513, 'amount_diff_percent': 238.51746962070965, 'current_velocity': 12, 'avg_velocity': 2.9513, 'velocity_diff_percent': 306.6004811439027}"
7d27ba58-7724-4ab0-992f-269a93f93797,2024-06-15,10:00:07,20d9960c-6716-4f49-9bad-20f03330a739,06808610-3ba0-44a5-8f77-7e2887ef1ce1,France,UK,bank transfer,60168.06,EUR,8,False,True,2,True,False,False,0.5746882273862639,True,"High Transaction Velocity (8.00, 2.7x average), Multiple Currency Conversions, Cross-border Transaction (France to UK)","{'current_amount': 60168.06, 'avg_amount': 54349.425513, 'amount_diff_percent': 10.705972385316601, 'current_velocity': 8, 'avg_velocity': 2.9513, 'velocity_diff_percent': 171.06698742926847}"
9a30d68d-8130-4a97-8f78-895e75bcfde9,2024-05-12,00:29:36,8507d9a3-96cf-4fa1-8aa6-8365b170e7b0,131b1328-e4c5-437a-ad07-1a8bf47ac891,Canada,Australia,Payoneer,189192.49,CAD,6,True,True,2,True,False,False,0.7885632426240764,True,"High Transaction Amount ($189192.49, 3.5x average), High Transaction Velocity (6.00, 2.0x average), Unusual Transaction Time, Multiple Currency Conversions, Cross-border Transaction (Canada to Australia)","{'current_amount': 189192.49, 'avg_amount': 54349.425513, 'amount_diff_percent': 248.1039370963479, 'current_velocity': 6, 'avg_velocity': 2.9513, 'velocity_diff_percent': 103.30024057195135}"
052e65ba-9aec-4de7-a146-4640a36b7028,2024-03-02,02:10:12,7548d999-8fda-4f9c-aa8a-233bff7dbc70,2b79caf8-d98f-4a47-81ed-dc2d560de10e,Germany,Germany,Skrill,178515.44,EUR,6,True,False,3,True,False,False,0.7484832396821262,True,"High Transaction Amount ($178515.44, 3.3x average), High Transaction Velocity (6.00, 2.0x average), Unusual Transaction Time","{'current_amount': 178515.44, 'avg_amount': 54349.425513, 'amount_diff_percent': 228.458743243386, 'current_velocity': 6, 'avg_velocity': 2.9513, 'velocity_diff_percent': 103.30024057195135}"
8e3f9939-0387-435d-b084-5e436ce209e2,2024-10-19,08:53:17,e3c893d0-c113-481d-ac8e-9fc0cd317600,f1a04a2c-c1d2-4f19-9a1a-9e8e120cdd37,UK,India,Cryptocurrency,62550.37,GBP,9,True,False,4,True,False,False,0.6979711165218166,True,"High Transaction Velocity (9.00, 3.0x average), Unusual Transaction Time, Cross-border Transaction (UK to India)","{'current_amount': 62550.37, 'avg_amount': 54349.425513, 'amount_diff_percent': 15.089293786625937, 'current_velocity': 9, 'avg_velocity': 2.9513, 'velocity_diff_percent': 204.95036085792702}"
c846cb62-6209-4cda-b6dd-ea5879949217,2024-05-28,09:43:27,743f6275-4e6d-4a4d-9729-3ea3229950cb,d4051977-64e1-486e-97a0-b29e2180491f,Brazil,France,Skrill,80176.74,BRL,9,False,False,6,True,False,False,0.7391096475323983,True,"High Transaction Velocity (9.00, 3.0x average), Cross-border Transaction (Brazil to France)","{'current_amount': 80176.74, 'avg_amount': 54349.425513, 'amount_diff_percent': 47.52086014381567, 'current_velocity': 9, 'avg_velocity': 2.9513, 'velocity_diff_percent': 204.95036085792702}"
193df5c9-b6df-43a7-a217-3f55d82e75aa,2024-05-23,21:35:30,0a65af0f-813a-499d-96d5-1e9feb2adf11,053cc4f2-0996-453a-95b9-dbc2f2dc2792,Brazil,Netherlands,PayPal,5464.6,BRL,7,True,False,4,True,False,False,0.6631027980826815,True,"High Transaction Velocity (7.00, 2.4x average), Unusual Transaction Time, Cross-border Transaction (Brazil to Netherlands)","{'current_amount': 5464.6, 'avg_amount': 54349.425513, 'amount_diff_percent': -89.94543190030058, 'current_velocity': 7, 'avg_velocity': 2.9513, 'velocity_diff_percent': 137.1836140006099}"
8a97ee8e-df59-4465-9996-e48397bc248a,2024-08-28,19:44:18,82089990-ed32-4171-896b-0b1e888312e1,1c97414e-5a18-4096-952e-ef31b33fcaa7,Brazil,India,PayPal,907.15,BRL,10,True,True,7,True,False,False,0.7040811411296715,True,"High Transaction Velocity (10.00, 3.4x average), Unusual Transaction Time, Multiple Currency Conversions, Cross-border Transaction (Brazil to India)","{'current_amount': 907.15, 'avg_amount': 54349.425513, 'amount_diff_percent': -98.33089312087941, 'current_velocity': 10, 'avg_velocity': 2.9513, 'velocity_diff_percent': 238.8337342865856}"
6e79a214-cbd5-4019-9db2-1cf747ac71cd,2024-05-03,22:26:46,a5818434-7f48-4dcc-948d-9108749ca446,f81b3921-cb14-43bc-807a-640d4c59be1f,Brazil,Canada,bank transfer,175376.43,BRL,9,False,False,3,True,False,False,0.7127257666366633,True,"High Transaction Amount ($175376.43, 3.2x average), High Transaction Velocity (9.00, 3.0x average), Cross-border Transaction (Brazil to Canada)","{'current_amount': 175376.43, 'avg_amount': 54349.425513, 'amount_diff_percent': 222.68313481630307, 'current_velocity': 9, 'avg_velocity': 2.9513, 'velocity_diff_percent': 204.95036085792702}"
16ef7bd0-9ec9-4922-8b90-a64a5d8621a9,2024-04-17,17:38:50,fa80719f-5c28-4be1-9b1b-06be2a4e73bd,8b1e59aa-a576-4dc1-953d-4e48ed6d1840,France,Canada,UPI,159200.49,EUR,12,True,False,4,True,False,False,0.7845018817018244,True,"High Transaction Amount ($159200.49, 2.9x average), High Transaction Velocity (12.00, 4.1x average), Unusual Transaction Time, Cross-border Transaction (France to Canada)","{'current_amount': 159200.49, 'avg_amount': 54349.425513, 'amount_diff_percent': 192.9202811203963, 'current_velocity': 12, 'avg_velocity': 2.9513, 'velocity_diff_percent': 306.6004811439027}"
6204bcf7-2263-438a-afea-3d12d66bbfd9,2024-03-30,21:58:59,31d73216-27ec-4277-a639-c5dbce15431a,ad900444-b5dd-4326-b1a5-6cf27e8fed5e,Japan,France,PayPal,50950.9,JPY,5,False,False,4,True,False,False,0.539106054339539,True,"High Transaction Velocity (5.00, 1.7x average), Cross-border Transaction (Japan to France)","{'current_amount': 50950.9, 'avg_amount': 54349.425513, 'amount_diff_percent': -6.253102918607846, 'current_velocity': 5, 'avg_velocity': 2.9513, 'velocity_diff_percent': 69.41686714329279}"
bb47f7ac-20c1-4053-b81c-68bb58b0f6e8,2024-06-14,17:17:05,a0f62208-1b3c-47e6-aa5b-744e2dd54589,f8f2e8ef-d8cc-432d-86fa-02f77ca0d625,Netherlands,Germany,UPI,103364.38,EUR,11,True,True,3,True,False,False,0.7595175288850008,True,"High Transaction Amount ($103364.38, 1.9x average), High Transaction Velocity (11.00, 3.7x average), Unusual Transaction Time, Multiple Currency Conversions, Cross-border Transaction (Netherlands to Germany)","{'current_amount': 103364.38, 'avg_amount': 54349.425513, 'amount_diff_percent': 90.18486216616213, 'current_velocity': 11, 'avg_velocity': 2.9513, 'velocity_diff_percent': 272.71710771524414}"
a055d5dd-7fea-437c-84e0-68c4bca1e1da,2024-07-18,23:22:51,b830c276-7f96-4ceb-af7c-599e60e72997,5b0aff77-5a66-4272-9d12-1a53b167b160,USA,Brazil,bank transfer,82932.08,USD,12,False,False,3,True,False,False,0.5242592558038524,True,"High Transaction Amount ($82932.08, 1.5x average), High Transaction Velocity (12.00, 4.1x average), Cross-border Transaction (USA to Brazil)","{'current_amount': 82932.08, 'avg_amount': 54349.425513, 'amount_diff_percent': 52.59053654608222, 'current_velocity': 12, 'avg_velocity': 2.9513, 'velocity_diff_percent': 306.6004811439027}"
13af2348-b9cf-4656-bf46-806731ac193c,2024-05-06,03:11:31,27c33a0b-5da1-442f-8482-4af60ce3f9ba,7f805dbf-2009-41de-85a6-c21887e95bb5,Australia,India,UPI,116655.67,AUD,6,False,False,3,True,False,False,0.5799426409281305,True,"High Transaction Amount ($116655.67, 2.1x average), High Transaction Velocity (6.00, 2.0x average), Cross-border Transaction (Australia to India)","{'current_amount': 116655.67, 'avg_amount': 54349.425513, 'amount_diff_percent': 114.64011606175445, 'current_velocity': 6, 'avg_velocity': 2.9513, 'velocity_diff_percent': 103.30024057195135}"
c8b2f531-2acc-4bf1-bb5c-07ab3a85f323,2024-10-10,12:35:34,a017eb5a-8563-4d2e-bc8e-a972b13eec48,2e7de2da-20c8-4b9d-bd7f-ff5aae64cb96,Brazil,Brazil,bank transfer,160626.89,BRL,10,True,False,1,True,False,False,0.807011756172736,True,"High Transaction Amount ($160626.89, 3.0x average), High Transaction Velocity (10.00, 3.4x average), Unusual Transaction Time","{'current_amount': 160626.89, 'avg_amount': 54349.425513, 'amount_diff_percent': 195.5447798828696, 'current_velocity': 10, 'avg_velocity': 2.9513, 'velocity_diff_percent': 238.8337342865856}"
27fe3df1-4e77-4c35-a189-43ce37c93775,2024-02-26,22:43:23,4c0f7d58-3775-45e4-9993-cab016c9dd72,fe7ff154-a88d-4a7b-bd0a-968061a87a98,UK,UK,Payoneer,134133.23,GBP,10,True,True,3,True,False,False,0.8041606517308365,True,"High Transaction Amount ($134133.23, 2.5x average), High Transaction Velocity (10.00, 3.4x average), Unusual Transaction Time, Multiple Currency Conversions","{'current_amount': 134133.23, 'avg_amount': 54349.425513, 'amount_diff_percent': 146.79788007679363, 'current_velocity': 10, 'avg_velocity': 2.9513, 'velocity_diff_percent': 238.8337342865856}"
cc1f6c20-19a8-4a66-8dfd-6dbe0f128d3a,2024-09-23,21:53:38,eaa52d3b-eda4-4e51-aff7-7bbc41348ba5,784a6ed8-5a49-43c7-8c0f-5d03d0b9fceb,Netherlands,India,Payoneer,174651.99,EUR,8,False,False,4,True,False,False,0.7675966695615064,True,"High Transaction Amount ($174651.99, 3.2x average), High Transaction Velocity (8.00, 2.7x average), Cross-border Transaction (Netherlands to India)","{'current_amount': 174651.99, 'avg_amount': 54349.425513, 'amount_diff_percent': 221.35020444369638, 'current_velocity': 8, 'avg_velocity': 2.9513, 'velocity_diff_percent': 171.06698742926847}"
07065504-1871-49fe-8d27-1b44a0804ec1,2024-08-02,23:56:09,e1a1db32-a714-4e9b-8a49-d1c142d1f65b,4db7d67c-f13b-48ae-af37-c400d35aafdc,Australia,India,Skrill,163776.01,AUD,8,True,False,3,True,False,False,0.8215512841168128,True,"High Transaction Amount ($163776.01, 3.0x average), High Transaction Velocity (8.00, 2.7x average), Unusual Transaction Time, Cross-border Transaction (Australia to India)","{'current_amount': 163776.01, 'avg_amount': 54349.425513, 'amount_diff_percent': 201.33899016251044, 'current_velocity': 8, 'avg_velocity': 2.9513, 'velocity_diff_percent': 171.06698742926847}"
9462ac0b-168b-424d-89c5-475ac5134e9a,2023-12-12,20:48:18,fd8b7260-2c90-4240-a6c4-652920b0f1ad,14ed5c51-30b7-4544-b093-11609b4e25f6,Germany,UK,UPI,76789.75,EUR,10,False,False,4,True,False,False,0.6763476523634833,True,"High Transaction Velocity (10.00, 3.4x average), Cross-border Transaction (Germany to UK)","{'current_amount': 76789.75, 'avg_amount': 54349.425513, 'amount_diff_percent': 41.28898194449623, 'current_velocity': 10, 'avg_velocity': 2.9513, 'velocity_diff_percent': 238.8337342865856}"
963c09d5-262e-49af-ae3b-472eff093014,2024-04-01,05:00:51,4d9f34f1-76e1-43b1-a33c-f527b4da81c5,a22811a9-17c8-4478-90fb-d8d2a36eb8e4,UK,Australia,Skrill,113843.13,GBP,5,True,False,8,True,False,False,0.7599149669595809,True,"High Transaction Amount ($113843.13, 2.1x average), High Transaction Velocity (5.00, 1.7x average), Unusual Transaction Time, Cross-border Transaction (UK to Australia)","{'current_amount': 113843.13, 'avg_amount': 54349.425513, 'amount_diff_percent': 109.4651947567864, 'current_velocity': 5, 'avg_velocity': 2.9513, 'velocity_diff_percent': 69.41686714329279}"
2737563d-9bcd-4266-bc9b-fe8c29f0a3e6,2024-04-14,21:50:05,b96cf4ab-40e5-4ce6-81d7-b3e73f771940,cfe4fed8-7621-4542-b4bf-c440c70e5672,USA,UK,PayPal,88123.13,USD,7,False,False,3,True,False,False,0.5647924170528523,True,"High Transaction Amount ($88123.13, 1.6x average), High Transaction Velocity (7.00, 2.4x average), Cross-border Transaction (USA to UK)","{'current_amount': 88123.13, 'avg_amount': 54349.425513, 'amount_diff_percent': 62.14178745812422, 'current_velocity': 7, 'avg_velocity': 2.9513, 'velocity_diff_percent': 137.1836140006099}"
dc2e60db-9298-4b26-8792-0d922a0f6a61,2024-02-11,19:14:22,fd6fcaa7-3d4c-4418-85df-38c3fd04a3a3,d62969de-a2a7-492c-9425-b1296d9e71aa,Netherlands,France,Skrill,156724.97,EUR,5,True,False,2,True,False,False,0.5935970286439336,True,"High Transaction Amount ($156724.97, 2.9x average), High Transaction Velocity (5.00, 1.7x average), Unusual Transaction Time, Cross-border Transaction (Netherlands to France)","{'current_amount': 156724.97, 'avg_amount': 54349.425513, 'amount_diff_percent': 188.36545836627562, 'current_velocity': 5, 'avg_velocity': 2.9513, 'velocity_diff_percent': 69.41686714329279}"
a57bedb5-5ccc-4621-989f-7e6ee997a6ef,2024-09-26,01:01:00,600d618a-74d8-4f32-bbff-e9c7e0dda240,07df1cc1-468f-4bb3-b4b4-c2d0401a62d8,India,Germany,UPI,135429.86,INR,6,True,True,1,True,False,False,0.7305425097208843,True,"High Transaction Amount ($135429.86, 2.5x average), High Transaction Velocity (6.00, 2.0x average), Unusual Transaction Time, Multiple Currency Conversions, Cross-border Transaction (India to Germany)","{'current_amount': 135429.86, 'avg_amount': 54349.425513, 'amount_diff_percent': 149.18360906612733, 'current_velocity': 6, 'avg_velocity': 2.9513, 'velocity_diff_percent': 103.30024057195135}"
8450fa70-04b1-4d95-b7d7-205ab2b91ce5,2024-05-07,18:44:42,5476a3c4-9d5f-4cbc-ad1e-7f6f205f6cf5,c75d8b87-8ccf-43d2-93a1-2b5192f3a054,Japan,India,Skrill,147578.78,JPY,10,True,False,2,True,False,False,0.8351410271463494,True,"High Transaction Amount ($147578.78, 2.7x average), High Transaction Velocity (10.00, 3.4x average), Unusual Transaction Time, Cross-border Transaction (Japan to India)","{'current_amount': 147578.78, 'avg_amount': 54349.425513, 'amount_diff_percent': 171.53696401942685, 'current_velocity': 10, 'avg_velocity': 2.9513, 'velocity_diff_percent': 238.8337342865856}"
8ff25a20-3077-4cac-bcae-ff3c1e5177d0,2023-10-25,03:38:55,7002d97e-5714-4334-a874-3a65e6a1b3ca,f6b80683-cc5b-4407-9e14-68d64482af9d,Australia,Australia,Skrill,104851.75,AUD,11,True,True,1,True,False,False,0.7478010862202187,True,"High Transaction Amount ($104851.75, 1.9x average), High Transaction Velocity (11.00, 3.7x average), Unusual Transaction Time, Multiple Currency Conversions","{'current_amount': 104851.75, 'avg_amount': 54349.425513, 'amount_diff_percent': 92.92154242719675, 'current_velocity': 11, 'avg_velocity': 2.9513, 'velocity_diff_percent': 272.71710771524414}"
abdd69f4-2a6a-4d74-9a02-dce647c13f48,2024-09-24,09:30:54,d68c6454-a10b-497c-b0e5-1d011a96fe67,0e43f2c9-eebf-4098-b9b0-f3f78a040a43,UK,Japan,PayPal,83051.82,GBP,6,False,False,4,True,False,False,0.7304852085092416,True,"High Transaction Amount ($83051.82, 1.5x average), High Transaction Velocity (6.00, 2.0x average), Cross-border Transaction (UK to Japan)","{'current_amount': 83051.82, 'avg_amount': 54349.425513, 'amount_diff_percent': 52.81085166233191, 'current_velocity': 6, 'avg_velocity': 2.9513, 'velocity_diff_percent': 103.30024057195135}"
2180579b-c476-4f69-9870-8de9ada5554d,2024-03-30,07:54:26,73ba94a0-2845-47eb-b5c6-70cee54e85a3,31851ad3-4d24-4342-ba75-e037d9b33fa0,Netherlands,UK,Skrill,81323.54,EUR,7,False,True,4,True,False,False,0.7626011472968399,True,"High Transaction Velocity (7.00, 2.4x average), Multiple Currency Conversions, Cross-border Transaction (Netherlands to UK)","{'current_amount': 81323.54, 'avg_amount': 54349.425513, 'amount_diff_percent': 49.63091004623033, 'current_velocity': 7, 'avg_velocity': 2.9513, 'velocity_diff_percent': 137.1836140006099}"
69fa3568-4951-4c77-ab71-9e9fdd83b5dd,2024-06-09,15:09:58,93a4d1bb-39a1-45ec-8ac7-68dc4f6a1fdd,fad93dc2-3f2f-4547-901a-6a759d3a6652,India,Netherlands,PayPal,132403.77,INR,9,False,True,1,True,False,False,0.7454474848819099,True,"High Transaction Amount ($132403.77, 2.4x average), High Transaction Velocity (9.00, 3.0x average), Multiple Currency Conversions, Cross-border Transaction (India to Netherlands)","{'current_amount': 132403.77, 'avg_amount': 54349.425513, 'amount_diff_percent': 143.61576732458735, 'current_velocity': 9, 'avg_velocity': 2.9513, 'velocity_diff_percent': 204.95036085792702}"
ce235623-56aa-4d2a-8663-1ef05b11abf9,2023-10-26,21:01:02,b9c4dc01-6a82-457f-870b-ebe2fb678725,7ff32317-c9f9-4256-8fa1-850ba27cc975,Australia,Canada,UPI,138980.42,AUD,5,True,False,0,True,False,False,0.6197037738326945,True,"High Transaction Amount ($138980.42, 2.6x average), High Transaction Velocity (5.00, 1.7x average), Unusual Transaction Time, Cross-border Transaction (Australia to Canada)","{'current_amount': 138980.42, 'avg_amount': 54349.425513, 'amount_diff_percent': 155.71644720836446, 'current_velocity': 5, 'avg_velocity': 2.9513, 'velocity_diff_percent': 69.41686714329279}"
04e5a942-b57a-469d-b013-d74691019386,2024-01-07,20:06:28,039efbdc-6e29-4ea1-b4f5-3b1ad8cde2a8,61f4ed97-e4de-450d-973b-276e6ee175d0,Brazil,France,Payoneer,172757.59,BRL,7,True,False,0,True,False,False,0.805928007121537,True,"High Transaction Amount ($172757.59, 3.2x average), High Transaction Velocity (7.00, 2.4x average), Unusual Transaction Time, Cross-border Transaction (Brazil to France)","{'current_amount': 172757.59, 'avg_amount': 54349.425513, 'amount_diff_percent': 217.86461102275604, 'current_velocity': 7, 'avg_velocity': 2.9513, 'velocity_diff_percent': 137.1836140006099}"
f5452e59-e474-4268-b466-1e1b065b6fa6,2024-04-27,23:38:05,30b3f53a-bc72-4873-8246-f113bf52786d,1841f5ea-2720-4ceb-9da6-b6cafa808330,Canada,Germany,Payoneer,52220.07,CAD,9,True,False,5,True,False,False,0.7477998604283153,True,"High Transaction Velocity (9.00, 3.0x average), Unusual Transaction Time, Cross-border Transaction (Canada to Germany)","{'current_amount': 52220.07, 'avg_amount': 54349.425513, 'amount_diff_percent': -3.917898842354231, 'current_velocity': 9, 'avg_velocity': 2.9513, 'velocity_diff_percent': 204.95036085792702}"
60cdaa31-35e2-4444-9623-148b6340a96f,2024-03-22,17:05:13,b0688544-62f8-49ce-929f-488c69607dd5,c0c4d0a2-9994-4454-99e1-216f9fbd2116,Brazil,Brazil,bank transfer,124112.27,BRL,7,False,False,0,True,False,False,0.7597920811168223,True,"High Transaction Amount ($124112.27, 2.3x average), High Transaction Velocity (7.00, 2.4x average)","{'current_amount': 124112.27, 'avg_amount': 54349.425513, 'amount_diff_percent': 128.35985629749337, 'current_velocity': 7, 'avg_velocity': 2.9513, 'velocity_diff_percent': 137.1836140006099}"
038b9ee5-a51d-4821-8777-72346764233c,2023-12-29,00:40:10,cadb3001-4ee8-4acc-a2a3-840879157f30,f76ea831-db95-44eb-9e04-f578e07189a5,UK,Japan,PayPal,74569.58,GBP,10,False,False,3,True,False,False,0.5509423357265412,True,"High Transaction Velocity (10.00, 3.4x average), Cross-border Transaction (UK to Japan)","{'current_amount': 74569.58, 'avg_amount': 54349.425513, 'amount_diff_percent': 37.203989363537026, 'current_velocity': 10, 'avg_velocity': 2.9513, 'velocity_diff_percent': 238.8337342865856}"
ff181685-d312-4935-ba10-e2126a90fb99,2024-06-13,07:47:59,a260712f-54b7-4574-84d4-e6f9f8fa9020,f078d45e-e14e-46df-a8b8-67d096cc6d24,India,Brazil,PayPal,63039.91,INR,10,False,False,1,True,False,False,0.5208357865936297,True,"High Transaction Velocity (10.00, 3.4x average), Cross-border Transaction (India to Brazil)","{'current_amount': 63039.91, 'avg_amount': 54349.425513, 'amount_diff_percent': 15.990020878732745, 'current_velocity': 10, 'avg_velocity': 2.9513, 'velocity_diff_percent': 238.8337342865856}"
c9692c4b-2a02-4a67-adcb-e8ffcd321461,2024-08-21,01:17:22,af54eacf-1960-4880-b73b-88e82704979e,618da0ac-7669-48b3-809f-4e47b52e027d,France,USA,PayPal,92368.44,EUR,9,True,True,3,True,False,False,0.7227947262544441,True,"High Transaction Amount ($92368.44, 1.7x average), High Transaction Velocity (9.00, 3.0x average), Unusual Transaction Time, Multiple Currency Conversions, Cross-border Transaction (France to USA)","{'current_amount': 92368.44, 'avg_amount': 54349.425513, 'amount_diff_percent': 69.95292798063913, 'current_velocity': 9, 'avg_velocity': 2.9513, 'velocity_diff_percent': 204.95036085792702}"
31122d4b-6cb8-4934-8f4e-542c3ed44550,2023-12-09,14:56:48,bdc51289-1871-4f65-9b4b-5ab2340c6e19,608eb754-a3e6-45c6-b39e-65a80f7439e0,Brazil,Brazil,Cryptocurrency,9158.67,BRL,15,True,True,3,True,False,False,0.669883303695902,True,"High Transaction Velocity (15.00, 5.1x average), Unusual Transaction Time, Multiple Currency Conversions","{'current_amount': 9158.67, 'avg_amount': 54349.425513, 'amount_diff_percent': -83.14854312892543, 'current_velocity': 15, 'avg_velocity': 2.9513, 'velocity_diff_percent': 408.2506014298784}"
aaba56db-0c51-4367-a0bd-83eb4d60afe9,2024-10-02,05:31:39,3a6a46d6-cc7e-41ec-b7f8-492ecb41074e,f11df699-d8de-43d2-9bc0-ea729e082a85,Brazil,India,Skrill,90374.47,BRL,9,True,False,3,True,False,False,0.6628994868752137,True,"High Transaction Amount ($90374.47, 1.7x average), High Transaction Velocity (9.00, 3.0x average), Unusual Transaction Time, Cross-border Transaction (Brazil to India)","{'current_amount': 90374.47, 'avg_amount': 54349.425513, 'amount_diff_percent': 66.28413115127235, 'current_velocity': 9, 'avg_velocity': 2.9513, 'velocity_diff_percent': 204.95036085792702}"
2504714c-bba5-4788-9874-72cb132b8fcb,2023-12-13,01:13:30,525dbffa-32ec-4f52-9117-7c5f4e431448,5d4996c1-6d34-43bd-82fb-331d429427bf,Canada,Canada,PayPal,95018.06,CAD,10,True,False,2,True,False,False,0.7210450012943538,True,"High Transaction Amount ($95018.06, 1.7x average), High Transaction Velocity (10.00, 3.4x average), Unusual Transaction Time","{'current_amount': 95018.06, 'avg_amount': 54349.425513, 'amount_diff_percent': 74.82808530749297, 'current_velocity': 10, 'avg_velocity': 2.9513, 'velocity_diff_percent': 238.8337342865856}"
ea067f08-8f61-481a-88d8-6c5fb16c819a,2023-10-25,00:18:05,4c4e01dd-04d6-4e6d-9bb4-b3e3a2c43c68,fe645e8e-d773-4800-9a4d-aebbbc2b626d,India,Germany,PayPal,38303.77,INR,6,True,False,4,True,False,False,0.5932689809805148,True,"High Transaction Velocity (6.00, 2.0x average), Unusual Transaction Time, Cross-border Transaction (India to Germany)","{'current_amount': 38303.77, 'avg_amount': 54349.425513, 'amount_diff_percent': -29.523137294546004, 'current_velocity': 6, 'avg_velocity': 2.9513, 'velocity_diff_percent': 103.30024057195135}"
b5a0799e-1f5f-4208-94d5-18b00025fed2,2024-01-20,19:16:06,eb663be1-6f1d-4552-a0bd-0e1548e25860,0b9341df-be06-4c50-b602-73448ffe2e0f,Japan,Germany,Cryptocurrency,40688.96,JPY,8,True,False,2,True,False,False,0.7220975808911803,True,"High Transaction Velocity (8.00, 2.7x average), Unusual Transaction Time, Cross-border Transaction (Japan to Germany)","{'current_amount': 40688.96, 'avg_amount': 54349.425513, 'amount_diff_percent': -25.134516849184568, 'current_velocity': 8, 'avg_velocity': 2.9513, 'velocity_diff_percent': 171.06698742926847}"
4a157730-99d2-409f-9411-145a4a586f61,2024-04-27,15:19:05,49efc4cf-18ed-4c42-b5ce-d2f7c65d606d,f055eb15-4879-41d7-b1ba-2e4280a28864,Netherlands,Brazil,PayPal,54224.08,EUR,7,True,True,1,True,False,False,0.6426669980094053,True,"High Transaction Velocity (7.00, 2.4x average), Unusual Transaction Time, Multiple Currency Conversions, Cross-border Transaction (Netherlands to Brazil)","{'current_amount': 54224.08, 'avg_amount': 54349.425513, 'amount_diff_percent': -0.2306289566391432, 'current_velocity': 7, 'avg_velocity': 2.9513, 'velocity_diff_percent': 137.1836140006099}"
d4c648f3-b137-47b5-8130-9d7bfcadd87d,2024-05-04,03:50:24,1bd5eb8c-a097-4c6d-8b79-77b6e3025025,7896815b-85d8-4167-a603-0585839ebbf6,Japan,France,Cryptocurrency,105189.79,JPY,2,True,False,0,True,False,False,0.5761792872057776,True,"High Transaction Amount ($105189.79, 1.9x average), Unusual Transaction Time, Cross-border Transaction (Japan to France)","{'current_amount': 105189.79, 'avg_amount': 54349.425513, 'amount_diff_percent': 93.54351772281261, 'current_velocity': 2, 'avg_velocity': 2.9513, 'velocity_diff_percent': -32.233253142682884}"
35a4987f-4748-4b6a-a61c-05710a0e774e,2024-01-15,07:24:15,8ce8ddeb-2733-4343-911d-b025d7c740b0,e232056d-a6c8-4aef-a582-8a9920b0a6f1,Canada,Japan,UPI,150282.78,CAD,7,False,False,1,True,False,False,0.8388989570073704,True,"High Transaction Amount ($150282.78, 2.8x average), High Transaction Velocity (7.00, 2.4x average), Cross-border Transaction (Canada to Japan)","{'current_amount': 150282.78, 'avg_amount': 54349.425513, 'amount_diff_percent': 176.5121776016812, 'current_velocity': 7, 'avg_velocity': 2.9513, 'velocity_diff_percent': 137.1836140006099}"
da4d9b0c-d452-4bd0-9704-82cf517ea6ac,2024-07-05,14:59:39,d5f0be91-9332-4321-8345-ba455ea8c010,ff1995db-9698-4dfd-bd01-ab918b49e28f,USA,Australia,Skrill,84562.55,USD,7,True,False,3,True,False,False,0.6444828208724211,True,"High Transaction Amount ($84562.55, 1.6x average), High Transaction Velocity (7.00, 2.4x average), Unusual Transaction Time, Cross-border Transaction (USA to Australia)","{'current_amount': 84562.55, 'avg_amount': 54349.425513, 'amount_diff_percent': 55.59051305845585, 'current_velocity': 7, 'avg_velocity': 2.9513, 'velocity_diff_percent': 137.1836140006099}"
47a153c4-2f3c-431d-b1fb-1f11b5540313,2023-11-21,07:15:45,86849838-8d2b-43f8-8f7a-da20ec9d9fda,f0cd4fd7-3d6a-4b7d-852e-d236b724ee33,Australia,Brazil,PayPal,4910.74,AUD,10,True,False,1,True,False,False,0.637379263258136,True,"High Transaction Velocity (10.00, 3.4x average), Unusual Transaction Time, Cross-border Transaction (Australia to Brazil)","{'current_amount': 4910.74, 'avg_amount': 54349.425513, 'amount_diff_percent': -90.96450430957107, 'current_velocity': 10, 'avg_velocity': 2.9513, 'velocity_diff_percent': 238.8337342865856}"
747c4221-9f97-4dc7-9141-b19da0ac7ac7,2024-01-13,21:24:16,c5ae3d36-dafa-46dd-92e0-4e2a4c16af69,7c591a53-1592-4f65-8a92-3282834af13a,India,Netherlands,bank transfer,172311.02,INR,6,False,False,1,True,False,False,0.6656565142377927,True,"High Transaction Amount ($172311.02, 3.2x average), High Transaction Velocity (6.00, 2.0x average), Cross-border Transaction (India to Netherlands)","{'current_amount': 172311.02, 'avg_amount': 54349.425513, 'amount_diff_percent': 217.042946403885, 'current_velocity': 6, 'avg_velocity': 2.9513, 'velocity_diff_percent': 103.30024057195135}"
7c94b937-4e0a-47e3-86e1-870677ad0ea2,2024-08-01,18:55:51,6b37804d-52ec-413d-9c72-39d1947d2753,182781bb-d0ee-4aaf-b446-c84e5b51896a,India,France,Payoneer,102834.27,INR,12,True,False,0,True,False,False,0.7644285588060454,True,"High Transaction Amount ($102834.27, 1.9x average), High Transaction Velocity (12.00, 4.1x average), Unusual Transaction Time, Cross-border Transaction (India to France)","{'current_amount': 102834.27, 'avg_amount': 54349.425513, 'amount_diff_percent': 89.20948847086298, 'current_velocity': 12, 'avg_velocity': 2.9513, 'velocity_diff_percent': 306.6004811439027}"
d48cd4da-7ca5-49d1-9ddc-ee7ce6763f7d,2023-11-18,08:51:09,bef3089b-8138-4c1b-bb94-fac3638a74ab,d36cd305-d64d-465c-bb65-adb041b8e42d,Germany,USA,Cryptocurrency,188390.78,EUR,6,False,True,1,True,False,False,0.6549694403716896,True,"High Transaction Amount ($188390.78, 3.5x average), High Transaction Velocity (6.00, 2.0x average), Multiple Currency Conversions, Cross-border Transaction (Germany to USA)","{'current_amount': 188390.78, 'avg_amount': 54349.425513, 'amount_diff_percent': 246.62883410780165, 'current_velocity': 6, 'avg_velocity': 2.9513, 'velocity_diff_percent': 103.30024057195135}"
5642931c-37de-4d5a-a30c-33ad01f067c6,2024-02-04,16:03:26,e43dee30-ac4b-4405-aaa9-f3f8d17b0bd8,1b135df4-b1d5-4cce-b9f4-3d25c7b2563e,Japan,Japan,Cryptocurrency,154639.52,JPY,9,True,False,1,True,False,False,0.8703819378428644,True,"High Transaction Amount ($154639.52, 2.8x average), High Transaction Velocity (9.00, 3.0x average), Unusual Transaction Time","{'current_amount': 154639.52, 'avg_amount': 54349.425513, 'amount_diff_percent': 184.52834329042045, 'current_velocity': 9, 'avg_velocity': 2.9513, 'velocity_diff_percent': 204.95036085792702}"
52f5b97e-88a1-4dc0-87b3-9d438d3a9ceb,2024-07-09,13:04:24,1150752f-3d74-4d63-800c-94116208a6b0,c66647e8-085e-4c75-8416-9f345587c99b,Netherlands,UK,PayPal,130302.84,EUR,5,True,False,1,True,False,False,0.5853174432266534,True,"High Transaction Amount ($130302.84, 2.4x average), High Transaction Velocity (5.00, 1.7x average), Unusual Transaction Time, Cross-border Transaction (Netherlands to UK)","{'current_amount': 130302.84, 'avg_amount': 54349.425513, 'amount_diff_percent': 139.75016988695214, 'current_velocity': 5, 'avg_velocity': 2.9513, 'velocity_diff_percent': 69.41686714329279}"
f9a788c9-c28b-4169-a5de-3e17585e1287,2023-10-30,00:49:12,8bb5e14f-109d-4cc1-af26-a44c9ac700c3,8da29f7b-59af-4511-879a-7502ff8c99c9,Brazil,India,PayPal,138112.97,BRL,7,False,False,5,True,False,False,0.7882127342171394,True,"High Transaction Amount ($138112.97, 2.5x average), High Transaction Velocity (7.00, 2.4x average), Cross-border Transaction (Brazil to India)","{'current_amount': 138112.97, 'avg_amount': 54349.425513, 'amount_diff_percent': 154.12038617954548, 'current_velocity': 7, 'avg_velocity': 2.9513, 'velocity_diff_percent': 137.1836140006099}"
84138dbf-948e-4d14-93a7-5c9843b0fc1f,2024-05-07,10:32:30,dd0a2571-a8ba-4475-8ee2-85de939dd18c,cef0fe9b-397d-46de-89a0-e568b16f640b,Netherlands,France,PayPal,97393.7,EUR,6,False,False,4,True,False,False,0.7097455167223171,True,"High Transaction Amount ($97393.70, 1.8x average), High Transaction Velocity (6.00, 2.0x average), Cross-border Transaction (Netherlands to France)","{'current_amount': 97393.7, 'avg_amount': 54349.425513, 'amount_diff_percent': 79.19913426997329, 'current_velocity': 6, 'avg_velocity': 2.9513, 'velocity_diff_percent': 103.30024057195135}"
b7cdffef-da45-4292-b563-f24d346f4072,2024-04-14,02:12:36,47f67d12-161b-4eff-8f14-bcb85b69be93,ddf1fb56-d5d3-4fdf-afe0-776befdfa515,Japan,Canada,PayPal,169410.3,JPY,5,False,False,4,True,False,False,0.6624568803788329,True,"High Transaction Amount ($169410.30, 3.1x average), High Transaction Velocity (5.00, 1.7x average), Cross-border Transaction (Japan to Canada)","{'current_amount': 169410.3, 'avg_amount': 54349.425513, 'amount_diff_percent': 211.70577867373822, 'current_velocity': 5, 'avg_velocity': 2.9513, 'velocity_diff_percent': 69.41686714329279}"
9e57a2ba-9bd4-41cc-ac37-b09c11802178,2024-09-08,01:04:03,252dd073-1873-4057-a12e-2edd52d3cf9a,69ea4816-9dc8-4900-af05-79b615721a13,Canada,Canada,Skrill,175664.12,CAD,6,True,False,2,True,False,False,0.8222651909639691,True,"High Transaction Amount ($175664.12, 3.2x average), High Transaction Velocity (6.00, 2.0x average), Unusual Transaction Time","{'current_amount': 175664.12, 'avg_amount': 54349.425513, 'amount_diff_percent': 223.21246883829963, 'current_velocity': 6, 'avg_velocity': 2.9513, 'velocity_diff_percent': 103.30024057195135}"
d31ccc94-ee17-4596-945c-33141ea0f864,2023-10-26,10:04:05,ca5353e4-6681-4306-a4bb-5bcf6becaa42,0e4eee42-a511-4077-9f8e-f2f6665fbd61,Canada,Netherlands,Cryptocurrency,120939.28,CAD,5,True,False,3,True,False,False,0.6625058803243645,True,"High Transaction Amount ($120939.28, 2.2x average), High Transaction Velocity (5.00, 1.7x average), Unusual Transaction Time, Cross-border Transaction (Canada to Netherlands)","{'current_amount': 120939.28, 'avg_amount': 54349.425513, 'amount_diff_percent': 122.52172651037898, 'current_velocity': 5, 'avg_velocity': 2.9513, 'velocity_diff_percent': 69.41686714329279}"
118bc1d3-c555-4260-b278-0c686aedc756,2024-06-17,19:15:37,e4ea2c9f-9ffc-40aa-bc92-121c307c73af,f138df5e-ce3b-4b62-815f-05c07dca4330,Netherlands,Germany,Payoneer,134016.47,EUR,6,False,True,5,True,False,False,0.7293965070462127,True,"High Transaction Amount ($134016.47, 2.5x average), High Transaction Velocity (6.00, 2.0x average), Multiple Currency Conversions, Cross-border Transaction (Netherlands to Germany)","{'current_amount': 134016.47, 'avg_amount': 54349.425513, 'amount_diff_percent': 146.58304799918116, 'current_velocity': 6, 'avg_velocity': 2.9513, 'velocity_diff_percent': 103.30024057195135}"
47556826-8354-44e3-bf0d-6820bfeef138,2024-03-28,05:50:24,41963556-a996-4180-92a8-f29962bf7e45,1ae335f1-7d8e-4fe6-b7a4-58d8b25dd31e,USA,Canada,Cryptocurrency,121549.85,USD,10,False,False,1,True,False,False,0.687265988747347,True,"High Transaction Amount ($121549.85, 2.2x average), High Transaction Velocity (10.00, 3.4x average), Cross-border Transaction (USA to Canada)","{'current_amount': 121549.85, 'avg_amount': 54349.425513, 'amount_diff_percent': 123.64514224888383, 'current_velocity': 10, 'avg_velocity': 2.9513, 'velocity_diff_percent': 238.8337342865856}"
bebcffbb-c808-4b99-8991-22a60ee28d37,2024-10-03,06:25:02,72c01656-1061-4291-9bad-b5cbdc6938e1,b6b8f22a-2f4d-498c-9eab-698c2cf35416,Canada,USA,UPI,150482.62,CAD,7,True,False,5,True,False,False,0.8101183229594524,True,"High Transaction Amount ($150482.62, 2.8x average), High Transaction Velocity (7.00, 2.4x average), Unusual Transaction Time, Cross-border Transaction (Canada to USA)","{'current_amount': 150482.62, 'avg_amount': 54349.425513, 'amount_diff_percent': 176.87987238063005, 'current_velocity': 7, 'avg_velocity': 2.9513, 'velocity_diff_percent': 137.1836140006099}"
bb27999e-f07b-4b6d-8c53-a74c7543180e,2024-09-27,22:10:45,ea2b2b17-c526-4087-83ba-3598470262c1,8ca5c33c-7427-458b-9d0d-18262094925a,Germany,Brazil,PayPal,134994.92,EUR,8,True,True,3,True,False,False,0.8340027004602208,True,"High Transaction Amount ($134994.92, 2.5x average), High Transaction Velocity (8.00, 2.7x average), Unusual Transaction Time, Multiple Currency Conversions, Cross-border Transaction (Germany to Brazil)","{'current_amount': 134994.92, 'avg_amount': 54349.425513, 'amount_diff_percent': 148.3833430175084, 'current_velocity': 8, 'avg_velocity': 2.9513, 'velocity_diff_percent': 171.06698742926847}"
0feecd41-d783-48a0-9074-1ef5c66626c7,2024-01-27,21:47:50,684c248a-67a5-46e2-864c-d8f3649df968,67cfab5c-adad-4fe3-9d56-b3d7d7c9eb55,Australia,France,bank transfer,141198.08,AUD,6,False,False,5,True,False,False,0.794053547096292,True,"High Transaction Amount ($141198.08, 2.6x average), High Transaction Velocity (6.00, 2.0x average), Cross-border Transaction (Australia to France)","{'current_amount': 141198.08, 'avg_amount': 54349.425513, 'amount_diff_percent': 159.79682152523657, 'current_velocity': 6, 'avg_velocity': 2.9513, 'velocity_diff_percent': 103.30024057195135}"
8d3bf3f5-e5d7-4eea-9acd-432902802844,2024-08-17,00:20:38,4d81152e-f801-40e7-98f9-9c2baf480ab0,9b7c3fd7-962d-4763-a6cd-432a703bd82f,Japan,UK,PayPal,161057.28,JPY,7,True,True,0,True,False,False,0.7449493328770478,True,"High Transaction Amount ($161057.28, 3.0x average), High Transaction Velocity (7.00, 2.4x average), Unusual Transaction Time, Multiple Currency Conversions, Cross-border Transaction (Japan to UK)","{'current_amount': 161057.28, 'avg_amount': 54349.425513, 'amount_diff_percent': 196.33667417786455, 'current_velocity': 7, 'avg_velocity': 2.9513, 'velocity_diff_percent': 137.1836140006099}"
4e996384-d677-403c-b0af-739914f7fb03,2024-01-06,01:31:47,774eac90-46ba-4f0a-9a7d-790a53c9aa86,7e2942c9-7928-4f4f-a9fc-5d4b62c7090a,Germany,USA,Cryptocurrency,166536.77,EUR,12,True,False,1,True,False,False,0.7886714086017643,True,"High Transaction Amount ($166536.77, 3.1x average), High Transaction Velocity (12.00, 4.1x average), Unusual Transaction Time, Cross-border Transaction (Germany to USA)","{'current_amount': 166536.77, 'avg_amount': 54349.425513, 'amount_diff_percent': 206.4186390712917, 'current_velocity': 12, 'avg_velocity': 2.9513, 'velocity_diff_percent': 306.6004811439027}"
73fc18fb-c13a-43d0-a8bf-03d1a33fd93d,2024-04-02,15:39:43,af01ceb7-e689-424a-adb9-a099b8e54aa5,18446e07-e313-40c1-a827-eed52b4af6e6,Japan,Netherlands,Skrill,135361.14,JPY,9,True,True,2,True,False,False,0.7972669209958073,True,"High Transaction Amount ($135361.14, 2.5x average), High Transaction Velocity (9.00, 3.0x average), Unusual Transaction Time, Multiple Currency Conversions, Cross-border Transaction (Japan to Netherlands)","{'current_amount': 135361.14, 'avg_amount': 54349.425513, 'amount_diff_percent': 149.0571679872174, 'current_velocity': 9, 'avg_velocity': 2.9513, 'velocity_diff_percent': 204.95036085792702}"
b5e75699-a1b8-43bd-b69c-de426b52600b,2024-07-20,21:30:15,c1766fcd-8d1d-4393-b6d7-1b4dfe83a0bb,c743c27f-2d9d-4751-9cf7-13177cf52a8a,Australia,Brazil,UPI,118966.4,AUD,5,True,True,4,True,False,False,0.6709536657292864,True,"High Transaction Amount ($118966.40, 2.2x average), High Transaction Velocity (5.00, 1.7x average), Unusual Transaction Time, Multiple Currency Conversions, Cross-border Transaction (Australia to Brazil)","{'current_amount': 118966.4, 'avg_amount': 54349.425513, 'amount_diff_percent': 118.89173413901875, 'current_velocity': 5, 'avg_velocity': 2.9513, 'velocity_diff_percent': 69.41686714329279}"
33e5d940-d14c-4cf1-9c5f-d8ec109b0e4d,2024-09-11,13:19:25,2a7f032c-6774-449b-8322-7cb455e78e24,10b399e3-e400-49ca-8129-ae0a3b43ac82,France,Japan,Skrill,37955.6,EUR,8,True,False,3,True,False,False,0.5749595026441311,True,"High Transaction Velocity (8.00, 2.7x average), Unusual Transaction Time, Cross-border Transaction (France to Japan)","{'current_amount': 37955.6, 'avg_amount': 54349.425513, 'amount_diff_percent': -30.163751241636795, 'current_velocity': 8, 'avg_velocity': 2.9513, 'velocity_diff_percent': 171.06698742926847}"
d97513bd-f7c5-47e1-8260-e2f1503ddf9b,2024-10-01,20:10:22,3874f5cf-857e-4fa9-a3fc-77e16d201fd2,a9cf5585-5337-49b3-90c6-c097887d5de7,USA,France,UPI,159006.33,USD,7,True,False,7,True,False,False,0.8098375527167881,True,"High Transaction Amount ($159006.33, 2.9x average), High Transaction Velocity (7.00, 2.4x average), Unusual Transaction Time, Cross-border Transaction (USA to France)","{'current_amount': 159006.33, 'avg_amount': 54349.425513, 'amount_diff_percent': 192.56303723388353, 'current_velocity': 7, 'avg_velocity': 2.9513, 'velocity_diff_percent': 137.1836140006099}"
32b5e9c0-c3e3-4592-b2bd-4a00d2d03317,2024-05-10,09:06:58,ba966f23-9bf9-4fe6-8de7-dc110c1b7c0e,ab17c86b-5087-4e74-8567-1d26e0e83dc2,Japan,Canada,bank transfer,119003.11,JPY,13,True,False,0,True,False,False,0.8471337202347874,True,"High Transaction Amount ($119003.11, 2.2x average), High Transaction Velocity (13.00, 4.4x average), Unusual Transaction Time, Cross-border Transaction (Japan to Canada)","{'current_amount': 119003.11, 'avg_amount': 54349.425513, 'amount_diff_percent': 118.95927855122459, 'current_velocity': 13, 'avg_velocity': 2.9513, 'velocity_diff_percent': 340.48385457256126}"
31a47c1c-00fe-4213-8c06-4542bf1a8acf,2024-03-15,20:12:50,1fdfcaeb-c8ae-4df9-93ed-7fb1a653507a,997183c7-dd80-4493-8d22-5586cfd0846d,Brazil,Japan,UPI,142266.02,BRL,5,False,False,4,True,False,False,0.560087287594333,True,"High Transaction Amount ($142266.02, 2.6x average), High Transaction Velocity (5.00, 1.7x average), Cross-border Transaction (Brazil to Japan)","{'current_amount': 142266.02, 'avg_amount': 54349.425513, 'amount_diff_percent': 161.76177329780782, 'current_velocity': 5, 'avg_velocity': 2.9513, 'velocity_diff_percent': 69.41686714329279}"
2e0fba55-a125-430a-bc76-ea2098da9f02,2024-09-08,17:24:51,5d6b1999-44b3-4599-b618-c30e24eaf426,0af891bf-9878-4cd7-8eca-f40f39d56c3f,UK,UK,Payoneer,196121.36,GBP,8,True,False,4,True,False,False,0.7613152091988548,True,"High Transaction Amount ($196121.36, 3.6x average), High Transaction Velocity (8.00, 2.7x average), Unusual Transaction Time","{'current_amount': 196121.36, 'avg_amount': 54349.425513, 'amount_diff_percent': 260.8526827079141, 'current_velocity': 8, 'avg_velocity': 2.9513, 'velocity_diff_percent': 171.06698742926847}"
f76bfa66-d290-4a1e-a0e8-24989b81ea7d,2023-12-12,12:32:56,474fe181-4a48-4f52-9de7-420d14a7a147,39c77d1e-976a-40b6-b4fb-07d22cbbb447,India,Canada,Cryptocurrency,167489.91,INR,7,False,True,3,True,False,False,0.5794513814842094,True,"High Transaction Amount ($167489.91, 3.1x average), High Transaction Velocity (7.00, 2.4x average), Multiple Currency Conversions, Cross-border Transaction (India to Canada)","{'current_amount': 167489.91, 'avg_amount': 54349.425513, 'amount_diff_percent': 208.17236506011935, 'current_velocity': 7, 'avg_velocity': 2.9513, 'velocity_diff_percent': 137.1836140006099}"
4beb122f-03e7-4572-a208-72aa27a01f78,2024-09-26,20:31:53,a642f8b1-d44c-4742-85fa-f549cc1ed666,79abd46e-b05f-4441-a6d4-45bad8d53a18,Australia,Netherlands,PayPal,136507.03,AUD,9,True,True,1,True,False,False,0.7630952600753258,True,"High Transaction Amount ($136507.03, 2.5x average), High Transaction Velocity (9.00, 3.0x average), Unusual Transaction Time, Multiple Currency Conversions, Cross-border Transaction (Australia to Netherlands)","{'current_amount': 136507.03, 'avg_amount': 54349.425513, 'amount_diff_percent': 151.1655435389073, 'current_velocity': 9, 'avg_velocity': 2.9513, 'velocity_diff_percent': 204.95036085792702}"
8541da3f-0b48-43b5-bb45-0b18fe8d1211,2023-12-22,02:33:09,e1589dc7-4a3e-42c4-8f0e-e66a48e59d00,4c2b9669-3ebd-416b-8a3c-989b50bed96c,Brazil,Canada,Skrill,163634.98,BRL,8,True,False,4,True,False,False,0.8366533094243755,True,"High Transaction Amount ($163634.98, 3.0x average), High Transaction Velocity (8.00, 2.7x average), Unusual Transaction Time, Cross-border Transaction (Brazil to Canada)","{'current_amount': 163634.98, 'avg_amount': 54349.425513, 'amount_diff_percent': 201.07950259908392, 'current_velocity': 8, 'avg_velocity': 2.9513, 'velocity_diff_percent': 171.06698742926847}"
cee51812-fd98-4b77-8c80-d9dcf71bfb11,2024-09-24,04:05:35,95991c9c-0651-49d8-9146-a60586f56fdc,7407208c-ffbd-4ea4-90b1-eb3d18a7ce75,Brazil,Germany,UPI,196393.88,BRL,12,True,False,5,True,False,False,0.7118375383976333,True,"High Transaction Amount ($196393.88, 3.6x average), High Transaction Velocity (12.00, 4.1x average), Unusual Transaction Time, Cross-border Transaction (Brazil to Germany)","{'current_amount': 196393.88, 'avg_amount': 54349.425513, 'amount_diff_percent': 261.35410475134455, 'current_velocity': 12, 'avg_velocity': 2.9513, 'velocity_diff_percent': 306.6004811439027}"
eda9ed39-af69-4392-b40d-d8715dbc358e,2024-09-28,03:28:01,21d12f9b-659a-47eb-91b5-86b2dc5dd7dc,2e46fbde-ebb3-4320-b5db-05481c25af76,USA,UK,UPI,106811.67,USD,8,False,False,4,True,False,False,0.739951404269971,True,"High Transaction Amount ($106811.67, 2.0x average), High Transaction Velocity (8.00, 2.7x average), Cross-border Transaction (USA to UK)","{'current_amount': 106811.67, 'avg_amount': 54349.425513, 'amount_diff_percent': 96.5276891003225, 'current_velocity': 8, 'avg_velocity': 2.9513, 'velocity_diff_percent': 171.06698742926847}"
17d26cff-aff9-4000-8099-415cd0821db3,2024-06-18,04:18:03,5da527e1-e2b9-4b42-9c7a-1f21b3d3f8b6,3e0480a6-01e6-475d-a49a-fedc7fdc92a6,Germany,UK,PayPal,7138.61,EUR,12,False,False,4,True,False,False,0.6597826614776032,True,"High Transaction Velocity (12.00, 4.1x average), Cross-border Transaction (Germany to UK)","{'current_amount': 7138.61, 'avg_amount': 54349.425513, 'amount_diff_percent': -86.86534414555588, 'current_velocity': 12, 'avg_velocity': 2.9513, 'velocity_diff_percent': 306.6004811439027}"
cd5ae118-733c-4cb0-820f-afecba3848e1,2024-09-08,09:53:41,52006ccf-1f41-49b3-beee-9872861d5881,edf5af20-a7a0-47fd-b058-09cb922c90da,France,USA,Payoneer,152307.7,EUR,6,True,True,5,True,False,False,0.7676687817988982,True,"High Transaction Amount ($152307.70, 2.8x average), High Transaction Velocity (6.00, 2.0x average), Unusual Transaction Time, Multiple Currency Conversions, Cross-border Transaction (France to USA)","{'current_amount': 152307.7, 'avg_amount': 54349.425513, 'amount_diff_percent': 180.23792075514962, 'current_velocity': 6, 'avg_velocity': 2.9513, 'velocity_diff_percent': 103.30024057195135}"
86fadc15-702a-4c1d-884d-e811d4134889,2024-05-31,19:31:34,74d21d97-a728-4d9e-80e2-7c940e4c9f3e,0d0f43b6-f680-4f15-9fc4-3ddd4f329a6e,Japan,Japan,Skrill,133013.83,JPY,7,True,False,2,True,False,False,0.8404664976933686,True,"High Transaction Amount ($133013.83, 2.4x average), High Transaction Velocity (7.00, 2.4x average), Unusual Transaction Time","{'current_amount': 133013.83, 'avg_amount': 54349.425513, 'amount_diff_percent': 144.73824469070794, 'current_velocity': 7, 'avg_velocity': 2.9513, 'velocity_diff_percent': 137.1836140006099}"
d5effd1e-0401-4089-a5dd-9e72f0cbd4d5,2024-06-09,08:35:55,81e6a676-cf4e-42d8-a26b-463fa7a38d8a,4a86f646-cdf5-4530-888c-c3537f9ba7ad,UK,Brazil,Cryptocurrency,153243.03,GBP,8,True,False,0,True,False,False,0.7870144847090407,True,"High Transaction Amount ($153243.03, 2.8x average), High Transaction Velocity (8.00, 2.7x average), Unusual Transaction Time, Cross-border Transaction (UK to Brazil)","{'current_amount': 153243.03, 'avg_amount': 54349.425513, 'amount_diff_percent': 181.95887730836336, 'current_velocity': 8, 'avg_velocity': 2.9513, 'velocity_diff_percent': 171.06698742926847}"
8aa6f8a1-f629-4705-a5e9-aab810618b0a,2024-03-07,23:14:36,f426661f-31f6-41fb-8235-8e4824127e71,7209ca99-0e17-4bf6-ac83-43aa93681955,India,India,Skrill,137886.73,INR,8,True,True,5,True,False,False,0.8061527162651521,True,"High Transaction Amount ($137886.73, 2.5x average), High Transaction Velocity (8.00, 2.7x average), Unusual Transaction Time, Multiple Currency Conversions","{'current_amount': 137886.73, 'avg_amount': 54349.425513, 'amount_diff_percent': 153.70411683011898, 'current_velocity': 8, 'avg_velocity': 2.9513, 'velocity_diff_percent': 171.06698742926847}"
9340e6f9-4d83-476d-ad83-553dec02dd1c,2024-05-30,16:41:27,d2b70d7c-512c-48d4-a0a7-ec19830ce72c,89ff9bbc-f055-4848-b1d2-45614985fe7a,France,India,PayPal,152509.02,EUR,8,False,False,1,True,False,False,0.7460737313939708,True,"High Transaction Amount ($152509.02, 2.8x average), High Transaction Velocity (8.00, 2.7x average), Cross-border Transaction (France to India)","{'current_amount': 152509.02, 'avg_amount': 54349.425513, 'amount_diff_percent': 180.60833865395855, 'current_velocity': 8, 'avg_velocity': 2.9513, 'velocity_diff_percent': 171.06698742926847}"
ec90941c-e92f-46f5-91ec-78ef23529c8d,2024-08-27,06:48:03,c36e1e3c-4a7c-44e3-a7c9-7efeddf2e3fa,8a5568be-f1dc-4353-98d2-51094ab7d82c,Canada,India,Cryptocurrency,80806.93,CAD,8,False,True,3,True,False,False,0.5451459709249064,True,"High Transaction Velocity (8.00, 2.7x average), Multiple Currency Conversions, Cross-border Transaction (Canada to India)","{'current_amount': 80806.93, 'avg_amount': 54349.425513, 'amount_diff_percent': 48.68037561992544, 'current_velocity': 8, 'avg_velocity': 2.9513, 'velocity_diff_percent': 171.06698742926847}"
ac681b0f-e16f-4405-91be-374214ff4d2f,2024-04-19,04:57:26,fd8f4385-89a9-42e3-86b3-421383f47784,cb3387fe-e9cb-41a6-8c55-56fa85176d7e,Australia,Netherlands,bank transfer,90616.74,AUD,10,False,False,3,True,False,False,0.550883157858509,True,"High Transaction Amount ($90616.74, 1.7x average), High Transaction Velocity (10.00, 3.4x average), Cross-border Transaction (Australia to Netherlands)","{'current_amount': 90616.74, 'avg_amount': 54349.425513, 'amount_diff_percent': 66.7298948326972, 'current_velocity': 10, 'avg_velocity': 2.9513, 'velocity_diff_percent': 238.8337342865856}"
f0e7e962-84e8-4786-95bd-be3fbcdc6a09,2024-06-03,00:51:04,f3fca349-6768-43fe-b097-e557feef4927,5c507cb5-ea0f-459f-840a-043c28dca6cf,USA,Canada,UPI,134446.2,USD,9,True,False,9,True,False,False,0.7400163196173293,True,"High Transaction Amount ($134446.20, 2.5x average), High Transaction Velocity (9.00, 3.0x average), Unusual Transaction Time, Cross-border Transaction (USA to Canada)","{'current_amount': 134446.2, 'avg_amount': 54349.425513, 'amount_diff_percent': 147.37372792991422, 'current_velocity': 9, 'avg_velocity': 2.9513, 'velocity_diff_percent': 204.95036085792702}"
4df58c82-292a-47e7-b637-4050ad221e2f,2024-03-14,01:34:54,bb48acf3-cced-43e9-9260-c8a614a140d0,29613bcc-4864-4d0f-ba14-222f08c5489f,Japan,France,Skrill,158165.9,JPY,6,False,False,1,True,False,False,0.7620653695921501,True,"High Transaction Amount ($158165.90, 2.9x average), High Transaction Velocity (6.00, 2.0x average), Cross-border Transaction (Japan to France)","{'current_amount': 158165.9, 'avg_amount': 54349.425513, 'amount_diff_percent': 191.01669154197006, 'current_velocity': 6, 'avg_velocity': 2.9513, 'velocity_diff_percent': 103.30024057195135}"
94ce8ac9-bc7c-494d-919a-9ff82c88dfda,2024-02-10,12:03:31,d38ffbda-7cc7-4564-a03f-710c28b8ff51,4dcf4d19-6cf6-4f11-806c-9fcbdac44eb5,Japan,USA,bank transfer,14189.99,JPY,12,True,True,2,True,False,False,0.6768546532504294,True,"High Transaction Velocity (12.00, 4.1x average), Unusual Transaction Time, Multiple Currency Conversions, Cross-border Transaction (Japan to USA)","{'current_amount': 14189.99, 'avg_amount': 54349.425513, 'amount_diff_percent': -73.89118676773161, 'current_velocity': 12, 'avg_velocity': 2.9513, 'velocity_diff_percent': 306.6004811439027}"
20c3e630-a97f-4c8d-9acf-eb38ec42c576,2024-06-30,10:58:19,b33cbffa-6bae-4664-9658-827697eb2c71,8fc008cc-59e8-47ff-9023-70cbab28e2f2,Brazil,Brazil,UPI,120868.85,BRL,14,False,False,1,True,False,False,0.7001025421730422,True,"High Transaction Amount ($120868.85, 2.2x average), High Transaction Velocity (14.00, 4.7x average)","{'current_amount': 120868.85, 'avg_amount': 54349.425513, 'amount_diff_percent': 122.3921391240631, 'current_velocity': 14, 'avg_velocity': 2.9513, 'velocity_diff_percent': 374.3672280012198}"
d0e0d2f8-7586-47d6-8e97-5b1a24458a67,2023-11-08,11:47:15,4bf645cc-d787-4b66-979c-04aa4ab56788,39395a27-a523-4c7c-acb0-f79f0338b10f,USA,Netherlands,PayPal,118379.13,USD,2,False,False,1,True,False,False,0.5226014096005557,True,"High Transaction Amount ($118379.13, 2.2x average), Cross-border Transaction (USA to Netherlands)","{'current_amount': 118379.13, 'avg_amount': 54349.425513, 'amount_diff_percent': 117.81118913885216, 'current_velocity': 2, 'avg_velocity': 2.9513, 'velocity_diff_percent': -32.233253142682884}"
3ee4f795-94e5-44e9-9d14-2ab10d5d544d,2023-10-27,19:03:32,afa923ce-16bc-473a-891e-5cb419ded488,8a0cb998-b4ec-4b4d-aa27-f1e86bdcaf9a,Brazil,France,Skrill,2256.21,BRL,10,False,True,1,True,False,False,0.5239264062815211,True,"High Transaction Velocity (10.00, 3.4x average), Multiple Currency Conversions, Cross-border Transaction (Brazil to France)","{'current_amount': 2256.21, 'avg_amount': 54349.425513, 'amount_diff_percent': -95.84869577055542, 'current_velocity': 10, 'avg_velocity': 2.9513, 'velocity_diff_percent': 238.8337342865856}"
7c1d353d-678f-4c71-a889-5148711b7dd0,2023-10-21,21:57:14,a963c5a2-32d0-4d36-83ea-dca004db1e1b,c78228e2-fdb6-4ced-8abd-fdd556773549,India,USA,bank transfer,6541.09,INR,12,True,True,2,True,False,False,0.6390363775684086,True,"High Transaction Velocity (12.00, 4.1x average), Unusual Transaction Time, Multiple Currency Conversions, Cross-border Transaction (India to USA)","{'current_amount': 6541.09, 'avg_amount': 54349.425513, 'amount_diff_percent': -87.9647485906996, 'current_velocity': 12, 'avg_velocity': 2.9513, 'velocity_diff_percent': 306.6004811439027}"
648b3e3d-331b-44f9-991c-19baba0f6363,2024-02-15,00:57:58,1faf6127-ada7-4efc-bd1c-ae6ac10f20ee,93fb3d94-a5bd-40b3-96b5-b2906d467ba7,Netherlands,France,Skrill,33980.84,EUR,6,True,False,6,True,False,False,0.6986037073530343,True,"High Transaction Velocity (6.00, 2.0x average), Unusual Transaction Time, Cross-border Transaction (Netherlands to France)","{'current_amount': 33980.84, 'avg_amount': 54349.425513, 'amount_diff_percent': -37.47709441404856, 'current_velocity': 6, 'avg_velocity': 2.9513, 'velocity_diff_percent': 103.30024057195135}"
d7ac49ba-6ef0-454e-b6a7-7db35d89e722,2024-03-04,04:07:43,56ea092b-61c4-4bb5-8730-487bd82d01a0,aa2ba154-a0ee-4548-967d-3177379a5db5,USA,USA,UPI,165441.27,USD,11,True,False,3,True,False,False,0.8005435593291084,True,"High Transaction Amount ($165441.27, 3.0x average), High Transaction Velocity (11.00, 3.7x average), Unusual Transaction Time","{'current_amount': 165441.27, 'avg_amount': 54349.425513, 'amount_diff_percent': 204.40297839105511, 'current_velocity': 11, 'avg_velocity': 2.9513, 'velocity_diff_percent': 272.71710771524414}"
08831d2d-3833-400e-89d7-bbb9cb41e031,2024-09-06,21:22:43,342e2c22-c0cf-4d14-967b-e7b573190055,277402a0-0e01-4a30-af08-14bad50b0dce,India,Australia,UPI,153093.31,INR,5,True,True,5,True,False,False,0.7669714658514232,True,"High Transaction Amount ($153093.31, 2.8x average), High Transaction Velocity (5.00, 1.7x average), Unusual Transaction Time, Multiple Currency Conversions, Cross-border Transaction (India to Australia)","{'current_amount': 153093.31, 'avg_amount': 54349.425513, 'amount_diff_percent': 181.68340061548793, 'current_velocity': 5, 'avg_velocity': 2.9513, 'velocity_diff_percent': 69.41686714329279}"
14257289-04e1-416f-9f48-96a646f075ba,2023-12-17,16:52:52,93cd7f18-e2d3-4bd3-93ee-b1a89bff6568,a0169376-4b33-437f-9008-9026574ff9a1,Netherlands,Brazil,Cryptocurrency,36126.67,EUR,9,True,False,3,True,False,False,0.6863193593159683,True,"High Transaction Velocity (9.00, 3.0x average), Unusual Transaction Time, Cross-border Transaction (Netherlands to Brazil)","{'current_amount': 36126.67, 'avg_amount': 54349.425513, 'amount_diff_percent': -33.52888340768432, 'current_velocity': 9, 'avg_velocity': 2.9513, 'velocity_diff_percent': 204.95036085792702}"
7e70934d-a4fb-4a1f-86d6-a7203451aad3,2024-02-07,00:06:12,b30da5ad-7260-429b-853a-79ac5118ac62,69869544-0168-499b-a51b-6f9d69a9b306,Brazil,Canada,PayPal,53578.62,BRL,11,False,False,6,True,False,False,0.704161813114548,True,"High Transaction Velocity (11.00, 3.7x average), Cross-border Transaction (Brazil to Canada)","{'current_amount': 53578.62, 'avg_amount': 54349.425513, 'amount_diff_percent': -1.4182404059002023, 'current_velocity': 11, 'avg_velocity': 2.9513, 'velocity_diff_percent': 272.71710771524414}"
0b110682-c668-4d63-b3f8-fd1a1b21d67d,2024-08-22,12:02:19,9d241868-bd9d-48af-832a-8267fa383fbf,7ca92693-c2ce-47a4-80ed-8c4a4533b1dd,UK,Canada,Payoneer,53927.52,GBP,13,True,False,5,True,False,False,0.7316240436615044,True,"High Transaction Velocity (13.00, 4.4x average), Unusual Transaction Time, Cross-border Transaction (UK to Canada)","{'current_amount': 53927.52, 'avg_amount': 54349.425513, 'amount_diff_percent': -0.776283298337879, 'current_velocity': 13, 'avg_velocity': 2.9513, 'velocity_diff_percent': 340.48385457256126}"
f115ae17-2ede-4eb3-8e70-14bbdbb026bb,2024-05-01,20:31:35,cc4e5f7d-9d86-4b7c-9b37-be3b055e68c7,b27bb36b-d641-42f2-8e62-6e2745b0ceef,Japan,UK,Payoneer,150273.88,JPY,6,False,True,3,True,False,False,0.6946821964543983,True,"High Transaction Amount ($150273.88, 2.8x average), High Transaction Velocity (6.00, 2.0x average), Multiple Currency Conversions, Cross-border Transaction (Japan to UK)","{'current_amount': 150273.88, 'avg_amount': 54349.425513, 'amount_diff_percent': 176.49580208360354, 'current_velocity': 6, 'avg_velocity': 2.9513, 'velocity_diff_percent': 103.30024057195135}"
822ed592-6bcc-4feb-8a7a-5693b69e123e,2024-01-30,17:40:36,dc7ca688-8cb5-44cc-8117-d75834d40600,bf4f2874-a24a-4bd8-9d60-6cd2016b0cec,UK,France,bank transfer,67214.34,GBP,9,False,False,3,True,False,False,0.5135283650760816,True,"High Transaction Velocity (9.00, 3.0x average), Cross-border Transaction (UK to France)","{'current_amount': 67214.34, 'avg_amount': 54349.425513, 'amount_diff_percent': 23.670746039298606, 'current_velocity': 9, 'avg_velocity': 2.9513, 'velocity_diff_percent': 204.95036085792702}"
66529aff-1b41-4c63-8bc6-ad590bac124e,2024-08-23,11:27:07,c1a6c8cd-345c-4cbe-be31-e0a0c8b00c3f,232ddbc0-eed3-4e81-9eb5-fb35249235b5,UK,Canada,Skrill,22865.15,GBP,9,False,False,10,True,False,False,0.6818527620442205,True,"High Transaction Velocity (9.00, 3.0x average), Cross-border Transaction (UK to Canada)","{'current_amount': 22865.15, 'avg_amount': 54349.425513, 'amount_diff_percent': -57.92936211527974, 'current_velocity': 9, 'avg_velocity': 2.9513, 'velocity_diff_percent': 204.95036085792702}"
64b8d9ef-e861-46d8-9b82-6fd657937849,2024-04-21,18:21:20,67786425-bdbd-4306-a2cc-621525588406,6a272182-2fba-47ee-bbb0-adfb5fa67543,Brazil,India,Cryptocurrency,164953.67,BRL,7,True,False,4,True,False,False,0.8349538887763572,True,"High Transaction Amount ($164953.67, 3.0x average), High Transaction Velocity (7.00, 2.4x average), Unusual Transaction Time, Cross-border Transaction (Brazil to India)","{'current_amount': 164953.67, 'avg_amount': 54349.425513, 'amount_diff_percent': 203.50582079390014, 'current_velocity': 7, 'avg_velocity': 2.9513, 'velocity_diff_percent': 137.1836140006099}"
4350efdd-3c9d-46f5-a83c-276ab42dbd98,2024-06-25,17:23:52,d01a52b0-d201-4976-916e-a39e84027934,d101a911-e0b0-46a4-9a62-358916b84617,Japan,UK,Skrill,55953.86,JPY,8,True,False,4,True,False,False,0.7561784175687848,True,"High Transaction Velocity (8.00, 2.7x average), Unusual Transaction Time, Cross-border Transaction (Japan to UK)","{'current_amount': 55953.86, 'avg_amount': 54349.425513, 'amount_diff_percent': 2.952072578239542, 'current_velocity': 8, 'avg_velocity': 2.9513, 'velocity_diff_percent': 171.06698742926847}"
